drs_uri,name,collection,patient_id,modality,file_size_bytes,source_manifest_url
drs://nci-crdc.datacommons.io/dg.4DFC/12f71339-e0bf-52ba-8a09-ea296f546f41,1.3.6.1.4.1.14519.5.2.1.3344.2526.100078955014435548130294840876.zip,LGG-1p19qDeletion,LGG-315,MR,7237172,https://www.cancerimagingarchive.net/wp-content/uploads/GC_manifest_LGG-1p19qDeletion_20260326.csv
drs://nci-crdc.datacommons.io/dg.4DFC/920989ef-9deb-5dfc-b91f-de0d4bca6973,1.3.6.1.4.1.14519.5.2.1.3344.2526.100152438408985494147639968180.zip,LGG-1p19qDeletion,LGG-563,MR,8034004,https://www.cancerimagingarchive.net/wp-content/uploads/GC_manifest_LGG-1p19qDeletion_20260326.csv
drs://nci-crdc.datacommons.io/dg.4DFC/57c45099-0495-53bf-9aec-9a75b012e8a8,1.3.6.1.4.1.14519.5.2.1.3344.2526.100670587153762372245926199897.zip,LGG-1p19qDeletion,LGG-579,MR,7502996,https://www.cancerimagingarchive.net/wp-content/uploads/GC_manifest_LGG-1p19qDeletion_20260326.csv
drs://nci-crdc.datacommons.io/dg.4DFC/241b2147-68be-5c17-a40a-979ae669bfa3,1.3.6.1.4.1.14519.5.2.1.3344.2526.101180305838277592979855147027.zip,LGG-1p19qDeletion,LGG-306,SEG,500234,https://www.cancerimagingarchive.net/wp-content/uploads/GC_manifest_LGG-1p19qDeletion_20260326.csv
drs://nci-crdc.datacommons.io/dg.4DFC/4912af55-3672-5ddb-8672-b2caafe72e8c,1.3.6.1.4.1.14519.5.2.1.3344.2526.101497189378748386042753908059.zip,LGG-1p19qDeletion,LGG-550,SEG,482390,https://www.cancerimagingarchive.net/wp-content/uploads/GC_manifest_LGG-1p19qDeletion_20260326.csv
drs://nci-crdc.datacommons.io/dg.4DFC/f40fd329-2690-5593-928c-2de7060612f8,1.3.6.1.4.1.14519.5.2.1.3344.2526.101570158187490517760748776506.zip,LGG-1p19qDeletion,LGG-552,SEG,535722,https://www.cancerimagingarchive.net/wp-content/uploads/GC_manifest_LGG-1p19qDeletion_20260326.csv
drs://nci-crdc.datacommons.io/dg.4DFC/43bfe90e-d95f-5fc5-8e20-0b7bdfa1cefa,1.3.6.1.4.1.14519.5.2.1.3344.2526.102037611422262815925848606448.zip,LGG-1p19qDeletion,LGG-660,SEG,482446,https://www.cancerimagingarchive.net/wp-content/uploads/GC_manifest_LGG-1p19qDeletion_20260326.csv
drs://nci-crdc.datacommons.io/dg.4DFC/203abaf7-8824-57ab-89ff-7e0583de7b50,1.3.6.1.4.1.14519.5.2.1.3344.2526.102168507811389185926969791084.zip,LGG-1p19qDeletion,LGG-333,SEG,535728,https://www.cancerimagingarchive.net/wp-content/uploads/GC_manifest_LGG-1p19qDeletion_20260326.csv
drs://nci-crdc.datacommons.io/dg.4DFC/132f1197-fb9f-51df-b226-219922b4631a,1.3.6.1.4.1.14519.5.2.1.3344.2526.103340886923400086281249189617.zip,LGG-1p19qDeletion,LGG-210,MR,2680114,https://www.cancerimagingarchive.net/wp-content/uploads/GC_manifest_LGG-1p19qDeletion_20260326.csv
drs://nci-crdc.datacommons.io/dg.4DFC/e6dea5e4-cb18-5fb7-b5bc-8b47ba9a35be,1.3.6.1.4.1.14519.5.2.1.3344.2526.103873008697701425962798908258.zip,LGG-1p19qDeletion,LGG-612,MR,8035502,https://www.cancerimagingarchive.net/wp-content/uploads/GC_manifest_LGG-1p19qDeletion_20260326.csv
drs://nci-crdc.datacommons.io/dg.4DFC/9e110361-4287-56cd-a71f-97543158c9a1,1.3.6.1.4.1.14519.5.2.1.3344.2526.104315385193115698510785061685.zip,LGG-1p19qDeletion,LGG-607,MR,8036820,https://www.cancerimagingarchive.net/wp-content/uploads/GC_manifest_LGG-1p19qDeletion_20260326.csv
drs://nci-crdc.datacommons.io/dg.4DFC/a70a7fa2-832c-55c1-86e4-277a1ef8f130,1.3.6.1.4.1.14519.5.2.1.3344.2526.105557632805844847374426201429.zip,LGG-1p19qDeletion,LGG-589,MR,7235788,https://www.cancerimagingarchive.net/wp-content/uploads/GC_manifest_LGG-1p19qDeletion_20260326.csv
drs://nci-crdc.datacommons.io/dg.4DFC/b7aefd70-59db-5963-876f-41c8548acb42,1.3.6.1.4.1.14519.5.2.1.3344.2526.107546302067635702945579261329.zip,LGG-1p19qDeletion,LGG-298,MR,8035078,https://www.cancerimagingarchive.net/wp-content/uploads/GC_manifest_LGG-1p19qDeletion_20260326.csv
drs://nci-crdc.datacommons.io/dg.4DFC/5cd0996d-00a2-5190-8786-85a2063766c0,1.3.6.1.4.1.14519.5.2.1.3344.2526.109412110237907267942627646418.zip,LGG-1p19qDeletion,LGG-220,SEG,464620,https://www.cancerimagingarchive.net/wp-content/uploads/GC_manifest_LGG-1p19qDeletion_20260326.csv
drs://nci-crdc.datacommons.io/dg.4DFC/afc74407-e098-5c7e-b04f-6dc1a5abee51,1.3.6.1.4.1.14519.5.2.1.3344.2526.111826401369465721218866932289.zip,LGG-1p19qDeletion,LGG-520,MR,8035070,https://www.cancerimagingarchive.net/wp-content/uploads/GC_manifest_LGG-1p19qDeletion_20260326.csv
drs://nci-crdc.datacommons.io/dg.4DFC/1883f91c-5fa7-5287-92a4-8008395e0fcb,1.3.6.1.4.1.14519.5.2.1.3344.2526.111842483360865954350172575999.zip,LGG-1p19qDeletion,LGG-203,SEG,429068,https://www.cancerimagingarchive.net/wp-content/uploads/GC_manifest_LGG-1p19qDeletion_20260326.csv
drs://nci-crdc.datacommons.io/dg.4DFC/b1c803e8-5167-5d86-917f-aadf8a0a183e,1.3.6.1.4.1.14519.5.2.1.3344.2526.112002883961305986210796538240.zip,LGG-1p19qDeletion,LGG-597,MR,8039562,https://www.cancerimagingarchive.net/wp-content/uploads/GC_manifest_LGG-1p19qDeletion_20260326.csv
drs://nci-crdc.datacommons.io/dg.4DFC/fd195f7c-6533-54b4-99e9-8025120f8854,1.3.6.1.4.1.14519.5.2.1.3344.2526.112452781368920365154442993306.zip,LGG-1p19qDeletion,LGG-240,MR,5355152,https://www.cancerimagingarchive.net/wp-content/uploads/GC_manifest_LGG-1p19qDeletion_20260326.csv
drs://nci-crdc.datacommons.io/dg.4DFC/c76a91e3-7ac2-56fb-910f-921fd2251ea2,1.3.6.1.4.1.14519.5.2.1.3344.2526.113832057470238345174227553232.zip,LGG-1p19qDeletion,LGG-591,MR,8036040,https://www.cancerimagingarchive.net/wp-content/uploads/GC_manifest_LGG-1p19qDeletion_20260326.csv
drs://nci-crdc.datacommons.io/dg.4DFC/05ba7e74-db1d-5374-ae3a-b259d8cc376f,1.3.6.1.4.1.14519.5.2.1.3344.2526.114528902460884162463057548546.zip,LGG-1p19qDeletion,LGG-634,MR,8035250,https://www.cancerimagingarchive.net/wp-content/uploads/GC_manifest_LGG-1p19qDeletion_20260326.csv
drs://nci-crdc.datacommons.io/dg.4DFC/00c62a2d-307b-5a94-a8c8-1faa2338506b,1.3.6.1.4.1.14519.5.2.1.3344.2526.114623097936480014458575987703.zip,LGG-1p19qDeletion,LGG-374,MR,7225132,https://www.cancerimagingarchive.net/wp-content/uploads/GC_manifest_LGG-1p19qDeletion_20260326.csv
drs://nci-crdc.datacommons.io/dg.4DFC/86f3fe34-fcd4-5f9a-94ea-cdbbe90632bd,1.3.6.1.4.1.14519.5.2.1.3344.2526.116179530902591339707010925738.zip,LGG-1p19qDeletion,LGG-274,MR,7498292,https://www.cancerimagingarchive.net/wp-content/uploads/GC_manifest_LGG-1p19qDeletion_20260326.csv
drs://nci-crdc.datacommons.io/dg.4DFC/e8f9ad4b-5e74-5489-b813-298257daa9b8,1.3.6.1.4.1.14519.5.2.1.3344.2526.116412610790450181585937428396.zip,LGG-1p19qDeletion,LGG-367,SEG,322430,https://www.cancerimagingarchive.net/wp-content/uploads/GC_manifest_LGG-1p19qDeletion_20260326.csv
drs://nci-crdc.datacommons.io/dg.4DFC/ea8b99f9-30a6-5520-aa1b-356abe79735d,1.3.6.1.4.1.14519.5.2.1.3344.2526.116772353088915547105101048366.zip,LGG-1p19qDeletion,LGG-600,SEG,500252,https://www.cancerimagingarchive.net/wp-content/uploads/GC_manifest_LGG-1p19qDeletion_20260326.csv
drs://nci-crdc.datacommons.io/dg.4DFC/4489b49c-2731-5a16-89da-a33543c331bf,1.3.6.1.4.1.14519.5.2.1.3344.2526.117525657089186890822620649968.zip,LGG-1p19qDeletion,LGG-637,SEG,473600,https://www.cancerimagingarchive.net/wp-content/uploads/GC_manifest_LGG-1p19qDeletion_20260326.csv
drs://nci-crdc.datacommons.io/dg.4DFC/47032b7c-cae2-50ac-8438-961e2a5208d3,1.3.6.1.4.1.14519.5.2.1.3344.2526.117715807092234504485857638070.zip,LGG-1p19qDeletion,LGG-375,MR,8034346,https://www.cancerimagingarchive.net/wp-content/uploads/GC_manifest_LGG-1p19qDeletion_20260326.csv
drs://nci-crdc.datacommons.io/dg.4DFC/c1651078-fb62-55b5-9a37-bd94c1d5982f,1.3.6.1.4.1.14519.5.2.1.3344.2526.118268460588042025264579967454.zip,LGG-1p19qDeletion,LGG-613,SEG,535698,https://www.cancerimagingarchive.net/wp-content/uploads/GC_manifest_LGG-1p19qDeletion_20260326.csv
drs://nci-crdc.datacommons.io/dg.4DFC/20f5c68f-ec36-5897-bf07-b215842fd26f,1.3.6.1.4.1.14519.5.2.1.3344.2526.118329235813329947464809046004.zip,LGG-1p19qDeletion,LGG-273,SEG,184952,https://www.cancerimagingarchive.net/wp-content/uploads/GC_manifest_LGG-1p19qDeletion_20260326.csv
drs://nci-crdc.datacommons.io/dg.4DFC/84dbc74d-f456-5b23-80b0-f60f847907d3,1.3.6.1.4.1.14519.5.2.1.3344.2526.118384022541944647230775101810.zip,LGG-1p19qDeletion,LGG-223,MR,4819402,https://www.cancerimagingarchive.net/wp-content/uploads/GC_manifest_LGG-1p19qDeletion_20260326.csv
drs://nci-crdc.datacommons.io/dg.4DFC/c6e31cf5-0916-5dfe-88b2-3f166068f340,1.3.6.1.4.1.14519.5.2.1.3344.2526.118650506922295677241843083157.zip,LGG-1p19qDeletion,LGG-532,SEG,517926,https://www.cancerimagingarchive.net/wp-content/uploads/GC_manifest_LGG-1p19qDeletion_20260326.csv
drs://nci-crdc.datacommons.io/dg.4DFC/556620a6-934f-530a-b0a5-027544ce5a41,1.3.6.1.4.1.14519.5.2.1.3344.2526.120078339655661274066182905139.zip,LGG-1p19qDeletion,LGG-307,SEG,482362,https://www.cancerimagingarchive.net/wp-content/uploads/GC_manifest_LGG-1p19qDeletion_20260326.csv
drs://nci-crdc.datacommons.io/dg.4DFC/047dde68-1fd8-5f99-892f-7fb57116b565,1.3.6.1.4.1.14519.5.2.1.3344.2526.121230099825264865813450921730.zip,LGG-1p19qDeletion,LGG-333,MR,8025982,https://www.cancerimagingarchive.net/wp-content/uploads/GC_manifest_LGG-1p19qDeletion_20260326.csv
drs://nci-crdc.datacommons.io/dg.4DFC/1ece9640-a74c-5018-910f-d2b81027895f,1.3.6.1.4.1.14519.5.2.1.3344.2526.121759318362047777587892720481.zip,LGG-1p19qDeletion,LGG-565,MR,8035674,https://www.cancerimagingarchive.net/wp-content/uploads/GC_manifest_LGG-1p19qDeletion_20260326.csv
drs://nci-crdc.datacommons.io/dg.4DFC/8532140a-290a-5353-b2e8-ffeddadf78ca,1.3.6.1.4.1.14519.5.2.1.3344.2526.122527692350317712114019301825.zip,LGG-1p19qDeletion,LGG-533,MR,7234906,https://www.cancerimagingarchive.net/wp-content/uploads/GC_manifest_LGG-1p19qDeletion_20260326.csv
drs://nci-crdc.datacommons.io/dg.4DFC/2c3c6797-2772-5327-9dea-cbd945c2faee,1.3.6.1.4.1.14519.5.2.1.3344.2526.122880143483680811202133082809.zip,LGG-1p19qDeletion,LGG-310,MR,3212172,https://www.cancerimagingarchive.net/wp-content/uploads/GC_manifest_LGG-1p19qDeletion_20260326.csv
drs://nci-crdc.datacommons.io/dg.4DFC/c8c344e3-a324-5227-b858-3732f4cc2656,1.3.6.1.4.1.14519.5.2.1.3344.2526.122986225775959506215467658004.zip,LGG-1p19qDeletion,LGG-607,MR,8039760,https://www.cancerimagingarchive.net/wp-content/uploads/GC_manifest_LGG-1p19qDeletion_20260326.csv
drs://nci-crdc.datacommons.io/dg.4DFC/d10b9858-1bb1-5641-8116-578d7835564b,1.3.6.1.4.1.14519.5.2.1.3344.2526.123742400356695360344104355770.zip,LGG-1p19qDeletion,LGG-216,SEG,340202,https://www.cancerimagingarchive.net/wp-content/uploads/GC_manifest_LGG-1p19qDeletion_20260326.csv
drs://nci-crdc.datacommons.io/dg.4DFC/7afafb7f-9251-5dbb-9259-0e454b859140,1.3.6.1.4.1.14519.5.2.1.3344.2526.124096722224764465690712119626.zip,LGG-1p19qDeletion,LGG-277,MR,5359778,https://www.cancerimagingarchive.net/wp-content/uploads/GC_manifest_LGG-1p19qDeletion_20260326.csv
drs://nci-crdc.datacommons.io/dg.4DFC/3b3c8e74-3a11-52a9-91fe-20b709e8dc2c,1.3.6.1.4.1.14519.5.2.1.3344.2526.124289482010606559694174104287.zip,LGG-1p19qDeletion,LGG-303,MR,8027464,https://www.cancerimagingarchive.net/wp-content/uploads/GC_manifest_LGG-1p19qDeletion_20260326.csv
drs://nci-crdc.datacommons.io/dg.4DFC/70dacd57-5602-5d5f-b90a-e58ac4ff43e1,1.3.6.1.4.1.14519.5.2.1.3344.2526.124737927202939091513331821311.zip,LGG-1p19qDeletion,LGG-316,MR,7360134,https://www.cancerimagingarchive.net/wp-content/uploads/GC_manifest_LGG-1p19qDeletion_20260326.csv
drs://nci-crdc.datacommons.io/dg.4DFC/344c1089-2eb9-5703-bf8d-e32cae144951,1.3.6.1.4.1.14519.5.2.1.3344.2526.125572757252875360873109612586.zip,LGG-1p19qDeletion,LGG-260,MR,8037634,https://www.cancerimagingarchive.net/wp-content/uploads/GC_manifest_LGG-1p19qDeletion_20260326.csv
drs://nci-crdc.datacommons.io/dg.4DFC/ad8d3ae9-8373-553c-8a0e-8fac1f79ebcb,1.3.6.1.4.1.14519.5.2.1.3344.2526.127321226708213735987798716607.zip,LGG-1p19qDeletion,LGG-338,MR,5223364,https://www.cancerimagingarchive.net/wp-content/uploads/GC_manifest_LGG-1p19qDeletion_20260326.csv
drs://nci-crdc.datacommons.io/dg.4DFC/95e990ee-0e72-51af-876b-8b39f580f85c,1.3.6.1.4.1.14519.5.2.1.3344.2526.127883234547266609868613252785.zip,LGG-1p19qDeletion,LGG-600,MR,7637544,https://www.cancerimagingarchive.net/wp-content/uploads/GC_manifest_LGG-1p19qDeletion_20260326.csv
drs://nci-crdc.datacommons.io/dg.4DFC/40301789-a5d8-5cec-a5dc-809d8dde23ac,1.3.6.1.4.1.14519.5.2.1.3344.2526.128298949116157827320502916865.zip,LGG-1p19qDeletion,LGG-395,MR,7238052,https://www.cancerimagingarchive.net/wp-content/uploads/GC_manifest_LGG-1p19qDeletion_20260326.csv
drs://nci-crdc.datacommons.io/dg.4DFC/6aa0ac45-7912-5483-a65f-223101cf0ecc,1.3.6.1.4.1.14519.5.2.1.3344.2526.128629806985482980432763153627.zip,LGG-1p19qDeletion,LGG-344,MR,6688326,https://www.cancerimagingarchive.net/wp-content/uploads/GC_manifest_LGG-1p19qDeletion_20260326.csv
drs://nci-crdc.datacommons.io/dg.4DFC/d723570e-be34-50ed-9d1d-64963c01b0ed,1.3.6.1.4.1.14519.5.2.1.3344.2526.128847529108808198199842248992.zip,LGG-1p19qDeletion,LGG-532,MR,8035802,https://www.cancerimagingarchive.net/wp-content/uploads/GC_manifest_LGG-1p19qDeletion_20260326.csv
drs://nci-crdc.datacommons.io/dg.4DFC/7ad0b2e0-8603-51de-bf57-5bc1b85be82b,1.3.6.1.4.1.14519.5.2.1.3344.2526.129087392540276035898065690554.zip,LGG-1p19qDeletion,LGG-574,SEG,482388,https://www.cancerimagingarchive.net/wp-content/uploads/GC_manifest_LGG-1p19qDeletion_20260326.csv
drs://nci-crdc.datacommons.io/dg.4DFC/89884324-3c6a-52f0-8037-376d60cbc290,1.3.6.1.4.1.14519.5.2.1.3344.2526.129650625806100165184756053183.zip,LGG-1p19qDeletion,LGG-348,MR,6422444,https://www.cancerimagingarchive.net/wp-content/uploads/GC_manifest_LGG-1p19qDeletion_20260326.csv
drs://nci-crdc.datacommons.io/dg.4DFC/4da740cd-9cae-583d-98b4-b5586f74afbf,1.3.6.1.4.1.14519.5.2.1.3344.2526.129853190522948037997997874764.zip,LGG-1p19qDeletion,LGG-254,SEG,429076,https://www.cancerimagingarchive.net/wp-content/uploads/GC_manifest_LGG-1p19qDeletion_20260326.csv
drs://nci-crdc.datacommons.io/dg.4DFC/65ea3431-4b85-59b9-a858-d15d157a8592,1.3.6.1.4.1.14519.5.2.1.3344.2526.130479473622725283491443215076.zip,LGG-1p19qDeletion,LGG-659,MR,30052110,https://www.cancerimagingarchive.net/wp-content/uploads/GC_manifest_LGG-1p19qDeletion_20260326.csv
drs://nci-crdc.datacommons.io/dg.4DFC/478128ca-0667-5a2e-9d6f-0e5df01e5f5f,1.3.6.1.4.1.14519.5.2.1.3344.2526.131373668835708766144826981145.zip,LGG-1p19qDeletion,LGG-590,SEG,535816,https://www.cancerimagingarchive.net/wp-content/uploads/GC_manifest_LGG-1p19qDeletion_20260326.csv
drs://nci-crdc.datacommons.io/dg.4DFC/d9935c65-65cf-5866-9184-fd095f33b4a0,1.3.6.1.4.1.14519.5.2.1.3344.2526.132440476837305482267413086584.zip,LGG-1p19qDeletion,LGG-303,SEG,482402,https://www.cancerimagingarchive.net/wp-content/uploads/GC_manifest_LGG-1p19qDeletion_20260326.csv
drs://nci-crdc.datacommons.io/dg.4DFC/59b409de-29d6-5d7b-a946-d95bd0911212,1.3.6.1.4.1.14519.5.2.1.3344.2526.132693592599056292258751878253.zip,LGG-1p19qDeletion,LGG-545,SEG,464600,https://www.cancerimagingarchive.net/wp-content/uploads/GC_manifest_LGG-1p19qDeletion_20260326.csv
drs://nci-crdc.datacommons.io/dg.4DFC/03b9c38f-fa46-5d3e-ac0e-854251856ce3,1.3.6.1.4.1.14519.5.2.1.3344.2526.132711963531167351112865648049.zip,LGG-1p19qDeletion,LGG-308,MR,5355276,https://www.cancerimagingarchive.net/wp-content/uploads/GC_manifest_LGG-1p19qDeletion_20260326.csv
drs://nci-crdc.datacommons.io/dg.4DFC/583d86e1-173c-5073-bc83-b95fd725bcc8,1.3.6.1.4.1.14519.5.2.1.3344.2526.134121389305688831488459955241.zip,LGG-1p19qDeletion,LGG-333,MR,8027036,https://www.cancerimagingarchive.net/wp-content/uploads/GC_manifest_LGG-1p19qDeletion_20260326.csv
drs://nci-crdc.datacommons.io/dg.4DFC/88576aa0-098f-5cdd-a1ea-36cd82f97b03,1.3.6.1.4.1.14519.5.2.1.3344.2526.134549530987081777066105325569.zip,LGG-1p19qDeletion,LGG-363,SEG,482420,https://www.cancerimagingarchive.net/wp-content/uploads/GC_manifest_LGG-1p19qDeletion_20260326.csv
drs://nci-crdc.datacommons.io/dg.4DFC/dc080f20-5cd2-5ae7-92e3-f54a442167b7,1.3.6.1.4.1.14519.5.2.1.3344.2526.135924329790339771463442600946.zip,LGG-1p19qDeletion,LGG-305,SEG,535714,https://www.cancerimagingarchive.net/wp-content/uploads/GC_manifest_LGG-1p19qDeletion_20260326.csv
drs://nci-crdc.datacommons.io/dg.4DFC/ecb8e646-fa26-5c09-9687-ab074d210b3f,1.3.6.1.4.1.14519.5.2.1.3344.2526.136680965021130385796840440312.zip,LGG-1p19qDeletion,LGG-593,MR,8041502,https://www.cancerimagingarchive.net/wp-content/uploads/GC_manifest_LGG-1p19qDeletion_20260326.csv
drs://nci-crdc.datacommons.io/dg.4DFC/5dc61abe-5e28-5f19-a449-7bb10a70b397,1.3.6.1.4.1.14519.5.2.1.3344.2526.137719284496387757439388498625.zip,LGG-1p19qDeletion,LGG-550,MR,7234814,https://www.cancerimagingarchive.net/wp-content/uploads/GC_manifest_LGG-1p19qDeletion_20260326.csv
drs://nci-crdc.datacommons.io/dg.4DFC/4f732beb-653d-5b2d-9fe7-2f18016b2a49,1.3.6.1.4.1.14519.5.2.1.3344.2526.138956686312368896600561358624.zip,LGG-1p19qDeletion,LGG-277,SEG,184950,https://www.cancerimagingarchive.net/wp-content/uploads/GC_manifest_LGG-1p19qDeletion_20260326.csv
drs://nci-crdc.datacommons.io/dg.4DFC/ae34bd91-2d24-5522-a967-1bb19e849b8e,1.3.6.1.4.1.14519.5.2.1.3344.2526.139271832522189655539377831034.zip,LGG-1p19qDeletion,LGG-604,MR,8036496,https://www.cancerimagingarchive.net/wp-content/uploads/GC_manifest_LGG-1p19qDeletion_20260326.csv
drs://nci-crdc.datacommons.io/dg.4DFC/908b306d-334d-5e9d-9fdb-fa0e6db38da9,1.3.6.1.4.1.14519.5.2.1.3344.2526.139304019698851479716042759009.zip,LGG-1p19qDeletion,LGG-296,SEG,517946,https://www.cancerimagingarchive.net/wp-content/uploads/GC_manifest_LGG-1p19qDeletion_20260326.csv
drs://nci-crdc.datacommons.io/dg.4DFC/b877dd06-29bf-5b72-bcbb-cc37a6b9da47,1.3.6.1.4.1.14519.5.2.1.3344.2526.139525884894843588502205094871.zip,LGG-1p19qDeletion,LGG-355,MR,8036596,https://www.cancerimagingarchive.net/wp-content/uploads/GC_manifest_LGG-1p19qDeletion_20260326.csv
drs://nci-crdc.datacommons.io/dg.4DFC/9bda580c-c32a-5722-afec-eccff9646a3d,1.3.6.1.4.1.14519.5.2.1.3344.2526.139876008559896601786777692655.zip,LGG-1p19qDeletion,LGG-306,MR,29525110,https://www.cancerimagingarchive.net/wp-content/uploads/GC_manifest_LGG-1p19qDeletion_20260326.csv
drs://nci-crdc.datacommons.io/dg.4DFC/2917551b-e9a8-564e-9db3-82b454e0707f,1.3.6.1.4.1.14519.5.2.1.3344.2526.140380659976603464772688776220.zip,LGG-1p19qDeletion,LGG-330,SEG,491300,https://www.cancerimagingarchive.net/wp-content/uploads/GC_manifest_LGG-1p19qDeletion_20260326.csv
drs://nci-crdc.datacommons.io/dg.4DFC/6a5f890c-4975-599f-9936-7c57b4300f0e,1.3.6.1.4.1.14519.5.2.1.3344.2526.141937611240762314850657540172.zip,LGG-1p19qDeletion,LGG-305,MR,8038680,https://www.cancerimagingarchive.net/wp-content/uploads/GC_manifest_LGG-1p19qDeletion_20260326.csv
drs://nci-crdc.datacommons.io/dg.4DFC/59620869-d0f4-56c7-b7bb-755303d996f1,1.3.6.1.4.1.14519.5.2.1.3344.2526.142006461537647888252124513606.zip,LGG-1p19qDeletion,LGG-352,MR,7233414,https://www.cancerimagingarchive.net/wp-content/uploads/GC_manifest_LGG-1p19qDeletion_20260326.csv
drs://nci-crdc.datacommons.io/dg.4DFC/f37c6faf-214b-5d69-8f99-f5b32ff534a5,1.3.6.1.4.1.14519.5.2.1.3344.2526.142544358854791711138218955145.zip,LGG-1p19qDeletion,LGG-327,MR,7504320,https://www.cancerimagingarchive.net/wp-content/uploads/GC_manifest_LGG-1p19qDeletion_20260326.csv
drs://nci-crdc.datacommons.io/dg.4DFC/31ef2081-1de1-5e28-9279-a339656985da,1.3.6.1.4.1.14519.5.2.1.3344.2526.143145428732168719188006092468.zip,LGG-1p19qDeletion,LGG-637,MR,27941494,https://www.cancerimagingarchive.net/wp-content/uploads/GC_manifest_LGG-1p19qDeletion_20260326.csv
drs://nci-crdc.datacommons.io/dg.4DFC/ff4189a0-4a11-5db7-9a43-72288f5d2ea0,1.3.6.1.4.1.14519.5.2.1.3344.2526.143811799495653035361273520724.zip,LGG-1p19qDeletion,LGG-374,SEG,482394,https://www.cancerimagingarchive.net/wp-content/uploads/GC_manifest_LGG-1p19qDeletion_20260326.csv
drs://nci-crdc.datacommons.io/dg.4DFC/5dccd49d-58d8-598d-beeb-fa32c5c877dd,1.3.6.1.4.1.14519.5.2.1.3344.2526.144751061525439007987827773189.zip,LGG-1p19qDeletion,LGG-525,MR,8039858,https://www.cancerimagingarchive.net/wp-content/uploads/GC_manifest_LGG-1p19qDeletion_20260326.csv
drs://nci-crdc.datacommons.io/dg.4DFC/5e329ba5-a30f-546f-952c-4f702c4dd602,1.3.6.1.4.1.14519.5.2.1.3344.2526.144835664206641737962542846390.zip,LGG-1p19qDeletion,LGG-639,MR,6697358,https://www.cancerimagingarchive.net/wp-content/uploads/GC_manifest_LGG-1p19qDeletion_20260326.csv
drs://nci-crdc.datacommons.io/dg.4DFC/fc8d450c-3c7e-5470-a1ac-f6587ea813c6,1.3.6.1.4.1.14519.5.2.1.3344.2526.145370231018613732313892791767.zip,LGG-1p19qDeletion,LGG-593,MR,8043344,https://www.cancerimagingarchive.net/wp-content/uploads/GC_manifest_LGG-1p19qDeletion_20260326.csv
drs://nci-crdc.datacommons.io/dg.4DFC/5679a798-e276-52c2-b98b-885abfef8062,1.3.6.1.4.1.14519.5.2.1.3344.2526.145383096969055433039306841506.zip,LGG-1p19qDeletion,LGG-565,MR,7234648,https://www.cancerimagingarchive.net/wp-content/uploads/GC_manifest_LGG-1p19qDeletion_20260326.csv
drs://nci-crdc.datacommons.io/dg.4DFC/df62a61f-b682-5566-b9c7-c39f6973f201,1.3.6.1.4.1.14519.5.2.1.3344.2526.147566621481132397061012783415.zip,LGG-1p19qDeletion,LGG-274,MR,7498964,https://www.cancerimagingarchive.net/wp-content/uploads/GC_manifest_LGG-1p19qDeletion_20260326.csv
drs://nci-crdc.datacommons.io/dg.4DFC/b13633b6-ae90-56a9-8da8-0fddd0dab852,1.3.6.1.4.1.14519.5.2.1.3344.2526.147763688571594322353132196390.zip,LGG-1p19qDeletion,LGG-220,MR,8027448,https://www.cancerimagingarchive.net/wp-content/uploads/GC_manifest_LGG-1p19qDeletion_20260326.csv
drs://nci-crdc.datacommons.io/dg.4DFC/9aeb7b85-08ba-5f52-ab9d-a1cfc3ff4c1d,1.3.6.1.4.1.14519.5.2.1.3344.2526.149953516953991546474867441193.zip,LGG-1p19qDeletion,LGG-581,SEG,500238,https://www.cancerimagingarchive.net/wp-content/uploads/GC_manifest_LGG-1p19qDeletion_20260326.csv
drs://nci-crdc.datacommons.io/dg.4DFC/447228e5-a708-5623-bf02-2a62a639aaa0,1.3.6.1.4.1.14519.5.2.1.3344.2526.150922785675444235943924345631.zip,LGG-1p19qDeletion,LGG-547,MR,7501306,https://www.cancerimagingarchive.net/wp-content/uploads/GC_manifest_LGG-1p19qDeletion_20260326.csv
drs://nci-crdc.datacommons.io/dg.4DFC/b9fe4f96-9309-59ad-b71d-4fec1e0d8050,1.3.6.1.4.1.14519.5.2.1.3344.2526.151203941019750641100511255346.zip,LGG-1p19qDeletion,LGG-359,MR,4955096,https://www.cancerimagingarchive.net/wp-content/uploads/GC_manifest_LGG-1p19qDeletion_20260326.csv
drs://nci-crdc.datacommons.io/dg.4DFC/c639147d-9e47-585e-8d60-6ec2be4b5690,1.3.6.1.4.1.14519.5.2.1.3344.2526.151205142000682740825274291611.zip,LGG-1p19qDeletion,LGG-325,SEG,184946,https://www.cancerimagingarchive.net/wp-content/uploads/GC_manifest_LGG-1p19qDeletion_20260326.csv
drs://nci-crdc.datacommons.io/dg.4DFC/33daacde-ab1c-523d-90ce-3b30fc84f162,1.3.6.1.4.1.14519.5.2.1.3344.2526.154301142150885039317160456589.zip,LGG-1p19qDeletion,LGG-216,MR,5087086,https://www.cancerimagingarchive.net/wp-content/uploads/GC_manifest_LGG-1p19qDeletion_20260326.csv
drs://nci-crdc.datacommons.io/dg.4DFC/c5e0bc58-89d3-5e6d-9a8c-540d5604c0ee,1.3.6.1.4.1.14519.5.2.1.3344.2526.154420599379278447843290326404.zip,LGG-1p19qDeletion,LGG-631,MR,29522514,https://www.cancerimagingarchive.net/wp-content/uploads/GC_manifest_LGG-1p19qDeletion_20260326.csv
drs://nci-crdc.datacommons.io/dg.4DFC/e1601d84-7f78-560d-8f76-c62870f2e6e0,1.3.6.1.4.1.14519.5.2.1.3344.2526.156634551639411213154760559900.zip,LGG-1p19qDeletion,LGG-572,MR,8035204,https://www.cancerimagingarchive.net/wp-content/uploads/GC_manifest_LGG-1p19qDeletion_20260326.csv
drs://nci-crdc.datacommons.io/dg.4DFC/41786409-6476-5f9d-b19b-734f64313daa,1.3.6.1.4.1.14519.5.2.1.3344.2526.156890326880135634783081891085.zip,LGG-1p19qDeletion,LGG-331,SEG,500190,https://www.cancerimagingarchive.net/wp-content/uploads/GC_manifest_LGG-1p19qDeletion_20260326.csv
drs://nci-crdc.datacommons.io/dg.4DFC/1cb9521c-82af-59d8-a460-8a3a3e4ab405,1.3.6.1.4.1.14519.5.2.1.3344.2526.157202640602793992695486808276.zip,LGG-1p19qDeletion,LGG-357,MR,7225624,https://www.cancerimagingarchive.net/wp-content/uploads/GC_manifest_LGG-1p19qDeletion_20260326.csv
drs://nci-crdc.datacommons.io/dg.4DFC/22b48bc7-e711-5574-ab8a-106f9fd9a23e,1.3.6.1.4.1.14519.5.2.1.3344.2526.157319135304205098260772852725.zip,LGG-1p19qDeletion,LGG-327,SEG,500192,https://www.cancerimagingarchive.net/wp-content/uploads/GC_manifest_LGG-1p19qDeletion_20260326.csv
drs://nci-crdc.datacommons.io/dg.4DFC/8b821885-4098-5758-b0bd-634c98c86de5,1.3.6.1.4.1.14519.5.2.1.3344.2526.157345388467068362128229256064.zip,LGG-1p19qDeletion,LGG-377,MR,8035844,https://www.cancerimagingarchive.net/wp-content/uploads/GC_manifest_LGG-1p19qDeletion_20260326.csv
drs://nci-crdc.datacommons.io/dg.4DFC/fe32f9fd-ac0e-51da-9ab1-a15f321c4f08,1.3.6.1.4.1.14519.5.2.1.3344.2526.158316854605992962032682284623.zip,LGG-1p19qDeletion,LGG-273,MR,5359744,https://www.cancerimagingarchive.net/wp-content/uploads/GC_manifest_LGG-1p19qDeletion_20260326.csv
drs://nci-crdc.datacommons.io/dg.4DFC/084ebed6-0945-54ca-9d48-30b49cb59a09,1.3.6.1.4.1.14519.5.2.1.3344.2526.158390857386070657810149097786.zip,LGG-1p19qDeletion,LGG-338,MR,5222040,https://www.cancerimagingarchive.net/wp-content/uploads/GC_manifest_LGG-1p19qDeletion_20260326.csv
drs://nci-crdc.datacommons.io/dg.4DFC/b4ba238a-d6da-53dc-b387-f8329a72985b,1.3.6.1.4.1.14519.5.2.1.3344.2526.158442431969487027668758480525.zip,LGG-1p19qDeletion,LGG-570,MR,8034120,https://www.cancerimagingarchive.net/wp-content/uploads/GC_manifest_LGG-1p19qDeletion_20260326.csv
drs://nci-crdc.datacommons.io/dg.4DFC/56b58b36-ff7b-5d56-81d4-0fc13b9ebd84,1.3.6.1.4.1.14519.5.2.1.3344.2526.158892526693231667871677345309.zip,LGG-1p19qDeletion,LGG-660,MR,7238808,https://www.cancerimagingarchive.net/wp-content/uploads/GC_manifest_LGG-1p19qDeletion_20260326.csv
drs://nci-crdc.datacommons.io/dg.4DFC/ae0f37f4-5227-5316-8aa0-cda43eee602d,1.3.6.1.4.1.14519.5.2.1.3344.2526.160942471262339898502173408817.zip,LGG-1p19qDeletion,LGG-519,MR,4824214,https://www.cancerimagingarchive.net/wp-content/uploads/GC_manifest_LGG-1p19qDeletion_20260326.csv
drs://nci-crdc.datacommons.io/dg.4DFC/abda095e-d6d5-584d-8206-77e33f57b400,1.3.6.1.4.1.14519.5.2.1.3344.2526.161042766898955731002263817810.zip,LGG-1p19qDeletion,LGG-263,MR,7503574,https://www.cancerimagingarchive.net/wp-content/uploads/GC_manifest_LGG-1p19qDeletion_20260326.csv
drs://nci-crdc.datacommons.io/dg.4DFC/860b0c77-1f60-5bd8-b605-d3edf9e8cce9,1.3.6.1.4.1.14519.5.2.1.3344.2526.161052423841566668356427164341.zip,LGG-1p19qDeletion,LGG-311,MR,6969132,https://www.cancerimagingarchive.net/wp-content/uploads/GC_manifest_LGG-1p19qDeletion_20260326.csv
drs://nci-crdc.datacommons.io/dg.4DFC/ce8b954d-89b3-5ddc-8f7a-b84fcb58f138,1.3.6.1.4.1.14519.5.2.1.3344.2526.161742608663679006596322650353.zip,LGG-1p19qDeletion,LGG-261,MR,8027028,https://www.cancerimagingarchive.net/wp-content/uploads/GC_manifest_LGG-1p19qDeletion_20260326.csv
drs://nci-crdc.datacommons.io/dg.4DFC/d5314ff8-e9af-501b-a611-3dab364c7103,1.3.6.1.4.1.14519.5.2.1.3344.2526.162415783451935143530700694860.zip,LGG-1p19qDeletion,LGG-365,MR,6698940,https://www.cancerimagingarchive.net/wp-content/uploads/GC_manifest_LGG-1p19qDeletion_20260326.csv
drs://nci-crdc.datacommons.io/dg.4DFC/bd9806a4-cf3f-51a8-adca-61121a50a830,1.3.6.1.4.1.14519.5.2.1.3344.2526.163848893322974004058065203110.zip,LGG-1p19qDeletion,LGG-289,MR,5360352,https://www.cancerimagingarchive.net/wp-content/uploads/GC_manifest_LGG-1p19qDeletion_20260326.csv
drs://nci-crdc.datacommons.io/dg.4DFC/fa710dc8-b984-57b5-879e-5d14734a8223,1.3.6.1.4.1.14519.5.2.1.3344.2526.163942146417407018603577917955.zip,LGG-1p19qDeletion,LGG-659,MR,7904348,https://www.cancerimagingarchive.net/wp-content/uploads/GC_manifest_LGG-1p19qDeletion_20260326.csv
drs://nci-crdc.datacommons.io/dg.4DFC/d76d3d14-fe1f-5e92-8df9-2aba025853db,1.3.6.1.4.1.14519.5.2.1.3344.2526.164338891300324941557301676295.zip,LGG-1p19qDeletion,LGG-377,SEG,464700,https://www.cancerimagingarchive.net/wp-content/uploads/GC_manifest_LGG-1p19qDeletion_20260326.csv
drs://nci-crdc.datacommons.io/dg.4DFC/195411a0-969a-5f81-8bbd-49b78e42d43c,1.3.6.1.4.1.14519.5.2.1.3344.2526.165456110523688036466802655693.zip,LGG-1p19qDeletion,LGG-574,MR,31630200,https://www.cancerimagingarchive.net/wp-content/uploads/GC_manifest_LGG-1p19qDeletion_20260326.csv
drs://nci-crdc.datacommons.io/dg.4DFC/97cdcee5-0f3e-5fd7-998c-00440f059db1,1.3.6.1.4.1.14519.5.2.1.3344.2526.165848423484676867849962098454.zip,LGG-1p19qDeletion,LGG-288,MR,2680134,https://www.cancerimagingarchive.net/wp-content/uploads/GC_manifest_LGG-1p19qDeletion_20260326.csv
drs://nci-crdc.datacommons.io/dg.4DFC/5db87e78-591a-5965-aae5-704aa5377423,1.3.6.1.4.1.14519.5.2.1.3344.2526.166192206062214480569524475667.zip,LGG-1p19qDeletion,LGG-269,MR,2681196,https://www.cancerimagingarchive.net/wp-content/uploads/GC_manifest_LGG-1p19qDeletion_20260326.csv
drs://nci-crdc.datacommons.io/dg.4DFC/c339b635-f1e2-521d-bce0-49c8912bbc46,1.3.6.1.4.1.14519.5.2.1.3344.2526.167029949122142335520874896182.zip,LGG-1p19qDeletion,LGG-388,SEG,517960,https://www.cancerimagingarchive.net/wp-content/uploads/GC_manifest_LGG-1p19qDeletion_20260326.csv
drs://nci-crdc.datacommons.io/dg.4DFC/46648657-b254-5009-87e3-d44a6bdc0c2f,1.3.6.1.4.1.14519.5.2.1.3344.2526.167068311922870657351407091237.zip,LGG-1p19qDeletion,LGG-375,SEG,500166,https://www.cancerimagingarchive.net/wp-content/uploads/GC_manifest_LGG-1p19qDeletion_20260326.csv
drs://nci-crdc.datacommons.io/dg.4DFC/4c81f8a1-f22e-5609-8c07-faf611f7ec34,1.3.6.1.4.1.14519.5.2.1.3344.2526.167835884090661401078322034488.zip,LGG-1p19qDeletion,LGG-519,SEG,322430,https://www.cancerimagingarchive.net/wp-content/uploads/GC_manifest_LGG-1p19qDeletion_20260326.csv
drs://nci-crdc.datacommons.io/dg.4DFC/2d4d94ab-ca7c-572f-ae31-5aff0c80ee44,1.3.6.1.4.1.14519.5.2.1.3344.2526.168402028227773709224989368127.zip,LGG-1p19qDeletion,LGG-625,SEG,535828,https://www.cancerimagingarchive.net/wp-content/uploads/GC_manifest_LGG-1p19qDeletion_20260326.csv
drs://nci-crdc.datacommons.io/dg.4DFC/e0409499-61aa-5730-9009-9309f18dda96,1.3.6.1.4.1.14519.5.2.1.3344.2526.168421013664702635426275485911.zip,LGG-1p19qDeletion,LGG-334,MR,18980186,https://www.cancerimagingarchive.net/wp-content/uploads/GC_manifest_LGG-1p19qDeletion_20260326.csv
drs://nci-crdc.datacommons.io/dg.4DFC/df215214-822a-5481-8486-adad8e6e82b4,1.3.6.1.4.1.14519.5.2.1.3344.2526.168461777444132307529499544667.zip,LGG-1p19qDeletion,LGG-310,MR,15812350,https://www.cancerimagingarchive.net/wp-content/uploads/GC_manifest_LGG-1p19qDeletion_20260326.csv
drs://nci-crdc.datacommons.io/dg.4DFC/a0eaf7c5-e452-5103-8808-8e4f917fe21b,1.3.6.1.4.1.14519.5.2.1.3344.2526.168970267033367187760545833691.zip,LGG-1p19qDeletion,LGG-632,SEG,535798,https://www.cancerimagingarchive.net/wp-content/uploads/GC_manifest_LGG-1p19qDeletion_20260326.csv
drs://nci-crdc.datacommons.io/dg.4DFC/5453d96f-b259-5a71-ab6b-ac16494c8a89,1.3.6.1.4.1.14519.5.2.1.3344.2526.170380115318768753407963390581.zip,LGG-1p19qDeletion,LGG-576,SEG,535708,https://www.cancerimagingarchive.net/wp-content/uploads/GC_manifest_LGG-1p19qDeletion_20260326.csv
drs://nci-crdc.datacommons.io/dg.4DFC/4f64c0fc-8a06-52f1-b030-778442a2692b,1.3.6.1.4.1.14519.5.2.1.3344.2526.170456416735807272124361766409.zip,LGG-1p19qDeletion,LGG-385,MR,8035838,https://www.cancerimagingarchive.net/wp-content/uploads/GC_manifest_LGG-1p19qDeletion_20260326.csv
drs://nci-crdc.datacommons.io/dg.4DFC/1317ab9d-9fc1-5c8d-8a23-6816644f4d31,1.3.6.1.4.1.14519.5.2.1.3344.2526.171574025344807020052307774624.zip,LGG-1p19qDeletion,LGG-518,MR,8036760,https://www.cancerimagingarchive.net/wp-content/uploads/GC_manifest_LGG-1p19qDeletion_20260326.csv
drs://nci-crdc.datacommons.io/dg.4DFC/cdbd7f37-f491-5613-ba27-ec9409948f62,1.3.6.1.4.1.14519.5.2.1.3344.2526.172741528794637595531319300285.zip,LGG-1p19qDeletion,LGG-203,MR,6430752,https://www.cancerimagingarchive.net/wp-content/uploads/GC_manifest_LGG-1p19qDeletion_20260326.csv
drs://nci-crdc.datacommons.io/dg.4DFC/4c8842cb-26e5-509e-bd2e-7f3394a462a3,1.3.6.1.4.1.14519.5.2.1.3344.2526.173680686302375805635197398202.zip,LGG-1p19qDeletion,LGG-506,MR,8038444,https://www.cancerimagingarchive.net/wp-content/uploads/GC_manifest_LGG-1p19qDeletion_20260326.csv
drs://nci-crdc.datacommons.io/dg.4DFC/ac8d647a-51f1-5efc-a544-e48de721307e,1.3.6.1.4.1.14519.5.2.1.3344.2526.173769729094044705677901107987.zip,LGG-1p19qDeletion,LGG-289,MR,2680416,https://www.cancerimagingarchive.net/wp-content/uploads/GC_manifest_LGG-1p19qDeletion_20260326.csv
drs://nci-crdc.datacommons.io/dg.4DFC/a57f14d3-6039-57ca-8a7d-515e38849e20,1.3.6.1.4.1.14519.5.2.1.3344.2526.174202426481172517837069648062.zip,LGG-1p19qDeletion,LGG-361,SEG,322430,https://www.cancerimagingarchive.net/wp-content/uploads/GC_manifest_LGG-1p19qDeletion_20260326.csv
drs://nci-crdc.datacommons.io/dg.4DFC/5a8ee465-0804-5f4c-8451-9422e0710d03,1.3.6.1.4.1.14519.5.2.1.3344.2526.174292757735337187273410108302.zip,LGG-1p19qDeletion,LGG-537,SEG,500150,https://www.cancerimagingarchive.net/wp-content/uploads/GC_manifest_LGG-1p19qDeletion_20260326.csv
drs://nci-crdc.datacommons.io/dg.4DFC/a8eda6a7-4297-50f3-ab14-d20cb0ec2cce,1.3.6.1.4.1.14519.5.2.1.3344.2526.174664858971444051338121269016.zip,LGG-1p19qDeletion,LGG-766,MR,10853388,https://www.cancerimagingarchive.net/wp-content/uploads/GC_manifest_LGG-1p19qDeletion_20260326.csv
drs://nci-crdc.datacommons.io/dg.4DFC/66b7621c-1160-5b3b-9497-e1d12eae7b63,1.3.6.1.4.1.14519.5.2.1.3344.2526.174872442850602371437165662583.zip,LGG-1p19qDeletion,LGG-280,SEG,446854,https://www.cancerimagingarchive.net/wp-content/uploads/GC_manifest_LGG-1p19qDeletion_20260326.csv
drs://nci-crdc.datacommons.io/dg.4DFC/8ddbf647-2a98-5807-8c8b-b0465dbe51aa,1.3.6.1.4.1.14519.5.2.1.3344.2526.175958217106236919906552936323.zip,LGG-1p19qDeletion,LGG-658,SEG,535852,https://www.cancerimagingarchive.net/wp-content/uploads/GC_manifest_LGG-1p19qDeletion_20260326.csv
drs://nci-crdc.datacommons.io/dg.4DFC/74054572-6dd0-5da8-a2c2-bb82cf70aeb3,1.3.6.1.4.1.14519.5.2.1.3344.2526.178339363376612875665023831144.zip,LGG-1p19qDeletion,LGG-601,SEG,464620,https://www.cancerimagingarchive.net/wp-content/uploads/GC_manifest_LGG-1p19qDeletion_20260326.csv
drs://nci-crdc.datacommons.io/dg.4DFC/77fe76ff-6f8b-55f6-8f60-57c797dd445d,1.3.6.1.4.1.14519.5.2.1.3344.2526.179252604688409101333943346299.zip,LGG-1p19qDeletion,LGG-651,MR,8038138,https://www.cancerimagingarchive.net/wp-content/uploads/GC_manifest_LGG-1p19qDeletion_20260326.csv
drs://nci-crdc.datacommons.io/dg.4DFC/e0a54b92-0a12-54cf-9803-4e783828888b,1.3.6.1.4.1.14519.5.2.1.3344.2526.179276500542734033852909211667.zip,LGG-1p19qDeletion,LGG-241,SEG,509048,https://www.cancerimagingarchive.net/wp-content/uploads/GC_manifest_LGG-1p19qDeletion_20260326.csv
drs://nci-crdc.datacommons.io/dg.4DFC/9354bd4b-681c-53aa-a3e4-5d6c6980c5c0,1.3.6.1.4.1.14519.5.2.1.3344.2526.180005421835373276005338675965.zip,LGG-1p19qDeletion,LGG-634,MR,6965608,https://www.cancerimagingarchive.net/wp-content/uploads/GC_manifest_LGG-1p19qDeletion_20260326.csv
drs://nci-crdc.datacommons.io/dg.4DFC/c369967b-317c-5852-b2cb-0d14e2fcf5d0,1.3.6.1.4.1.14519.5.2.1.3344.2526.180572020886454977550714322427.zip,LGG-1p19qDeletion,LGG-355,SEG,500164,https://www.cancerimagingarchive.net/wp-content/uploads/GC_manifest_LGG-1p19qDeletion_20260326.csv
drs://nci-crdc.datacommons.io/dg.4DFC/0b7ca1d2-07e6-57cf-b216-ff5bf58556df,1.3.6.1.4.1.14519.5.2.1.3344.2526.181007045896932155713829751098.zip,LGG-1p19qDeletion,LGG-373,MR,8026146,https://www.cancerimagingarchive.net/wp-content/uploads/GC_manifest_LGG-1p19qDeletion_20260326.csv
drs://nci-crdc.datacommons.io/dg.4DFC/90056509-c2a2-5313-bb0e-114d185f9be8,1.3.6.1.4.1.14519.5.2.1.3344.2526.181090853826885632138312113463.zip,LGG-1p19qDeletion,LGG-383,MR,8035780,https://www.cancerimagingarchive.net/wp-content/uploads/GC_manifest_LGG-1p19qDeletion_20260326.csv
drs://nci-crdc.datacommons.io/dg.4DFC/3842fb71-0916-582c-8aa4-aef8854ae6cb,1.3.6.1.4.1.14519.5.2.1.3344.2526.181978211635424868882911301564.zip,LGG-1p19qDeletion,LGG-620,SEG,526928,https://www.cancerimagingarchive.net/wp-content/uploads/GC_manifest_LGG-1p19qDeletion_20260326.csv
drs://nci-crdc.datacommons.io/dg.4DFC/72094ade-be3e-5dbe-a84d-d0e3d3785979,1.3.6.1.4.1.14519.5.2.1.3344.2526.183330605020865203907896251844.zip,LGG-1p19qDeletion,LGG-337,MR,8029226,https://www.cancerimagingarchive.net/wp-content/uploads/GC_manifest_LGG-1p19qDeletion_20260326.csv
drs://nci-crdc.datacommons.io/dg.4DFC/13b81f93-3ab0-5a52-96ef-2c26719b9452,1.3.6.1.4.1.14519.5.2.1.3344.2526.187378773232341859473093074226.zip,LGG-1p19qDeletion,LGG-295,MR,8042040,https://www.cancerimagingarchive.net/wp-content/uploads/GC_manifest_LGG-1p19qDeletion_20260326.csv
drs://nci-crdc.datacommons.io/dg.4DFC/4d267a28-aa7d-513b-a7d0-c92873b5cf71,1.3.6.1.4.1.14519.5.2.1.3344.2526.188467905121607361369986644668.zip,LGG-1p19qDeletion,LGG-585,MR,7238600,https://www.cancerimagingarchive.net/wp-content/uploads/GC_manifest_LGG-1p19qDeletion_20260326.csv
drs://nci-crdc.datacommons.io/dg.4DFC/9a0f9cd0-eedd-5ff5-a979-5a1ddecb76d1,1.3.6.1.4.1.14519.5.2.1.3344.2526.188941083089485602542547828099.zip,LGG-1p19qDeletion,LGG-766,SEG,704666,https://www.cancerimagingarchive.net/wp-content/uploads/GC_manifest_LGG-1p19qDeletion_20260326.csv
drs://nci-crdc.datacommons.io/dg.4DFC/71540e92-d471-5f47-99e6-7757f4e17948,1.3.6.1.4.1.14519.5.2.1.3344.2526.189940071374763489614252549061.zip,LGG-1p19qDeletion,LGG-241,MR,8035804,https://www.cancerimagingarchive.net/wp-content/uploads/GC_manifest_LGG-1p19qDeletion_20260326.csv
drs://nci-crdc.datacommons.io/dg.4DFC/f76877ae-3ee1-504b-bf34-bf610ed0f340,1.3.6.1.4.1.14519.5.2.1.3344.2526.190229287789991206552567481005.zip,LGG-1p19qDeletion,LGG-630,MR,7372852,https://www.cancerimagingarchive.net/wp-content/uploads/GC_manifest_LGG-1p19qDeletion_20260326.csv
drs://nci-crdc.datacommons.io/dg.4DFC/717aac7c-af64-5a74-8f53-83e6fbcb1061,1.3.6.1.4.1.14519.5.2.1.3344.2526.191655111746528871611275450674.zip,LGG-1p19qDeletion,LGG-231,MR,8038440,https://www.cancerimagingarchive.net/wp-content/uploads/GC_manifest_LGG-1p19qDeletion_20260326.csv
drs://nci-crdc.datacommons.io/dg.4DFC/d3339869-3a45-5f22-a262-661d96b6dda9,1.3.6.1.4.1.14519.5.2.1.3344.2526.191825056993064067988528211038.zip,LGG-1p19qDeletion,LGG-574,MR,7233268,https://www.cancerimagingarchive.net/wp-content/uploads/GC_manifest_LGG-1p19qDeletion_20260326.csv
drs://nci-crdc.datacommons.io/dg.4DFC/ee1c3811-0c5d-50e5-8462-3f6da2b69502,1.3.6.1.4.1.14519.5.2.1.3344.2526.192100150119568073166288981566.zip,LGG-1p19qDeletion,LGG-587,SEG,535708,https://www.cancerimagingarchive.net/wp-content/uploads/GC_manifest_LGG-1p19qDeletion_20260326.csv
drs://nci-crdc.datacommons.io/dg.4DFC/a12b8097-35b1-5657-b84b-4aa9c58a7b6f,1.3.6.1.4.1.14519.5.2.1.3344.2526.192578409091606618270986432402.zip,LGG-1p19qDeletion,LGG-561,MR,8039804,https://www.cancerimagingarchive.net/wp-content/uploads/GC_manifest_LGG-1p19qDeletion_20260326.csv
drs://nci-crdc.datacommons.io/dg.4DFC/648a7ecd-42fa-5e56-afc4-4b466535f549,1.3.6.1.4.1.14519.5.2.1.3344.2526.193049375840150224641665622522.zip,LGG-1p19qDeletion,LGG-639,MR,31629954,https://www.cancerimagingarchive.net/wp-content/uploads/GC_manifest_LGG-1p19qDeletion_20260326.csv
drs://nci-crdc.datacommons.io/dg.4DFC/291ae37d-b472-5ac4-a63d-0d78b99a551d,1.3.6.1.4.1.14519.5.2.1.3344.2526.193326862340409870606658997322.zip,LGG-1p19qDeletion,LGG-367,MR,4823356,https://www.cancerimagingarchive.net/wp-content/uploads/GC_manifest_LGG-1p19qDeletion_20260326.csv
drs://nci-crdc.datacommons.io/dg.4DFC/7600cbf2-2487-5360-88b8-50f879f9ef6f,1.3.6.1.4.1.14519.5.2.1.3344.2526.193707907084451446976027627824.zip,LGG-1p19qDeletion,LGG-601,MR,6965448,https://www.cancerimagingarchive.net/wp-content/uploads/GC_manifest_LGG-1p19qDeletion_20260326.csv
drs://nci-crdc.datacommons.io/dg.4DFC/6fb6372b-5b1a-52f2-8219-f7e81d2c50ba,1.3.6.1.4.1.14519.5.2.1.3344.2526.193722963129244140938736813820.zip,LGG-1p19qDeletion,LGG-343,MR,6824470,https://www.cancerimagingarchive.net/wp-content/uploads/GC_manifest_LGG-1p19qDeletion_20260326.csv
drs://nci-crdc.datacommons.io/dg.4DFC/cec8fa8c-fd2f-5a46-bf87-51d88cfce382,1.3.6.1.4.1.14519.5.2.1.3344.2526.194015603437647881341350579735.zip,LGG-1p19qDeletion,LGG-316,SEG,491278,https://www.cancerimagingarchive.net/wp-content/uploads/GC_manifest_LGG-1p19qDeletion_20260326.csv
drs://nci-crdc.datacommons.io/dg.4DFC/e671a7e0-9f32-5f0b-a40f-ff9fa26d2843,1.3.6.1.4.1.14519.5.2.1.3344.2526.194423778762504358804293536784.zip,LGG-1p19qDeletion,LGG-593,SEG,535770,https://www.cancerimagingarchive.net/wp-content/uploads/GC_manifest_LGG-1p19qDeletion_20260326.csv
drs://nci-crdc.datacommons.io/dg.4DFC/beb5f769-2c0e-581b-941c-30749a772bc5,1.3.6.1.4.1.14519.5.2.1.3344.2526.195554034233324016721041885816.zip,LGG-1p19qDeletion,LGG-263,SEG,500160,https://www.cancerimagingarchive.net/wp-content/uploads/GC_manifest_LGG-1p19qDeletion_20260326.csv
drs://nci-crdc.datacommons.io/dg.4DFC/0548fcbb-b6f0-5520-9dd3-d7bb5dda0a12,1.3.6.1.4.1.14519.5.2.1.3344.2526.195813839086875857387979967980.zip,LGG-1p19qDeletion,LGG-315,SEG,482402,https://www.cancerimagingarchive.net/wp-content/uploads/GC_manifest_LGG-1p19qDeletion_20260326.csv
drs://nci-crdc.datacommons.io/dg.4DFC/f8be7451-9c31-5c5a-a704-7b5d3ff36973,1.3.6.1.4.1.14519.5.2.1.3344.2526.196158054694809073536901498019.zip,LGG-1p19qDeletion,LGG-587,MR,8037120,https://www.cancerimagingarchive.net/wp-content/uploads/GC_manifest_LGG-1p19qDeletion_20260326.csv
drs://nci-crdc.datacommons.io/dg.4DFC/3e2c3d4c-8771-5457-b4db-d0c4f57b929a,1.3.6.1.4.1.14519.5.2.1.3344.2526.196875781571094046292232282830.zip,LGG-1p19qDeletion,LGG-639,SEG,446840,https://www.cancerimagingarchive.net/wp-content/uploads/GC_manifest_LGG-1p19qDeletion_20260326.csv
drs://nci-crdc.datacommons.io/dg.4DFC/c04199e7-3aa5-5237-b260-6da2b34f6475,1.3.6.1.4.1.14519.5.2.1.3344.2526.197090425814025126584338296034.zip,LGG-1p19qDeletion,LGG-303,MR,7226104,https://www.cancerimagingarchive.net/wp-content/uploads/GC_manifest_LGG-1p19qDeletion_20260326.csv
drs://nci-crdc.datacommons.io/dg.4DFC/04332c7e-b510-516f-9b4e-5f1dd4ef8391,1.3.6.1.4.1.14519.5.2.1.3344.2526.197467946372515519336459626318.zip,LGG-1p19qDeletion,LGG-385,SEG,464604,https://www.cancerimagingarchive.net/wp-content/uploads/GC_manifest_LGG-1p19qDeletion_20260326.csv
drs://nci-crdc.datacommons.io/dg.4DFC/4d57d69c-dee1-596f-8c88-f5ced594800e,1.3.6.1.4.1.14519.5.2.1.3344.2526.200651435206823847446669492687.zip,LGG-1p19qDeletion,LGG-647,MR,7775652,https://www.cancerimagingarchive.net/wp-content/uploads/GC_manifest_LGG-1p19qDeletion_20260326.csv
drs://nci-crdc.datacommons.io/dg.4DFC/72727f8a-6ec4-5137-aaa0-74784b6658ea,1.3.6.1.4.1.14519.5.2.1.3344.2526.202278009098280727676792831534.zip,LGG-1p19qDeletion,LGG-320,MR,2676872,https://www.cancerimagingarchive.net/wp-content/uploads/GC_manifest_LGG-1p19qDeletion_20260326.csv
drs://nci-crdc.datacommons.io/dg.4DFC/9b2972d0-5ad3-577c-9794-7f90cf39ca91,1.3.6.1.4.1.14519.5.2.1.3344.2526.202901435089027199367893341224.zip,LGG-1p19qDeletion,LGG-566,MR,8036044,https://www.cancerimagingarchive.net/wp-content/uploads/GC_manifest_LGG-1p19qDeletion_20260326.csv
drs://nci-crdc.datacommons.io/dg.4DFC/43b874e7-e6d5-5609-ad20-d1067a9dc2b2,1.3.6.1.4.1.14519.5.2.1.3344.2526.203235632489687006707889901021.zip,LGG-1p19qDeletion,LGG-533,MR,8035906,https://www.cancerimagingarchive.net/wp-content/uploads/GC_manifest_LGG-1p19qDeletion_20260326.csv
drs://nci-crdc.datacommons.io/dg.4DFC/2b4660ac-bcda-5562-97ff-7ec1e42070f2,1.3.6.1.4.1.14519.5.2.1.3344.2526.203333935138208614838948338952.zip,LGG-1p19qDeletion,LGG-234,MR,8038084,https://www.cancerimagingarchive.net/wp-content/uploads/GC_manifest_LGG-1p19qDeletion_20260326.csv
drs://nci-crdc.datacommons.io/dg.4DFC/77831dcd-e12c-59bd-b6ee-3f6bd52c94ae,1.3.6.1.4.1.14519.5.2.1.3344.2526.203717194680901625993013726919.zip,LGG-1p19qDeletion,LGG-233,SEG,429082,https://www.cancerimagingarchive.net/wp-content/uploads/GC_manifest_LGG-1p19qDeletion_20260326.csv
drs://nci-crdc.datacommons.io/dg.4DFC/0bec8d4f-0feb-5d7e-aadd-4a953bd89803,1.3.6.1.4.1.14519.5.2.1.3344.2526.204214694855338004329120976750.zip,LGG-1p19qDeletion,LGG-561,SEG,482400,https://www.cancerimagingarchive.net/wp-content/uploads/GC_manifest_LGG-1p19qDeletion_20260326.csv
drs://nci-crdc.datacommons.io/dg.4DFC/b45c8b42-2539-5a6d-815e-7c8e7d2d7d45,1.3.6.1.4.1.14519.5.2.1.3344.2526.204656816489629496609799620113.zip,LGG-1p19qDeletion,LGG-506,SEG,535716,https://www.cancerimagingarchive.net/wp-content/uploads/GC_manifest_LGG-1p19qDeletion_20260326.csv
drs://nci-crdc.datacommons.io/dg.4DFC/219c147f-5650-57d4-86d9-b7dcb3dc0ab4,1.3.6.1.4.1.14519.5.2.1.3344.2526.204915062107892976678144786308.zip,LGG-1p19qDeletion,LGG-374,MR,7225240,https://www.cancerimagingarchive.net/wp-content/uploads/GC_manifest_LGG-1p19qDeletion_20260326.csv
drs://nci-crdc.datacommons.io/dg.4DFC/26e09c0e-3421-5bb5-9fcb-c278773366ed,1.3.6.1.4.1.14519.5.2.1.3344.2526.206959489362004681968021700179.zip,LGG-1p19qDeletion,LGG-594,MR,8036160,https://www.cancerimagingarchive.net/wp-content/uploads/GC_manifest_LGG-1p19qDeletion_20260326.csv
drs://nci-crdc.datacommons.io/dg.4DFC/1a702d7c-26c5-5f33-a59d-ccb8b799e65d,1.3.6.1.4.1.14519.5.2.1.3344.2526.207426319897788993163249185771.zip,LGG-1p19qDeletion,LGG-331,MR,7492128,https://www.cancerimagingarchive.net/wp-content/uploads/GC_manifest_LGG-1p19qDeletion_20260326.csv
drs://nci-crdc.datacommons.io/dg.4DFC/1b3dc13f-a1d4-5796-9c95-f71a63c31815,1.3.6.1.4.1.14519.5.2.1.3344.2526.207651874737592094620892610577.zip,LGG-1p19qDeletion,LGG-375,MR,7501140,https://www.cancerimagingarchive.net/wp-content/uploads/GC_manifest_LGG-1p19qDeletion_20260326.csv
drs://nci-crdc.datacommons.io/dg.4DFC/6e6323a5-6fb5-535c-8327-3d684a68780e,1.3.6.1.4.1.14519.5.2.1.3344.2526.208645469299737623639249088416.zip,LGG-1p19qDeletion,LGG-558,MR,8033976,https://www.cancerimagingarchive.net/wp-content/uploads/GC_manifest_LGG-1p19qDeletion_20260326.csv
drs://nci-crdc.datacommons.io/dg.4DFC/1d55a466-df2c-5147-9817-25496fc658f3,1.3.6.1.4.1.14519.5.2.1.3344.2526.210649500407713474191799181252.zip,LGG-1p19qDeletion,LGG-609,SEG,535692,https://www.cancerimagingarchive.net/wp-content/uploads/GC_manifest_LGG-1p19qDeletion_20260326.csv
drs://nci-crdc.datacommons.io/dg.4DFC/8fba4738-3f40-5fbe-9010-b8be3a83af64,1.3.6.1.4.1.14519.5.2.1.3344.2526.210968064315916541930354404926.zip,LGG-1p19qDeletion,LGG-293,MR,8038636,https://www.cancerimagingarchive.net/wp-content/uploads/GC_manifest_LGG-1p19qDeletion_20260326.csv
drs://nci-crdc.datacommons.io/dg.4DFC/b3295f5b-52d8-5697-8ee5-667fd028e9b6,1.3.6.1.4.1.14519.5.2.1.3344.2526.211199715967461667287620021631.zip,LGG-1p19qDeletion,LGG-210,MR,5359744,https://www.cancerimagingarchive.net/wp-content/uploads/GC_manifest_LGG-1p19qDeletion_20260326.csv
drs://nci-crdc.datacommons.io/dg.4DFC/3685a779-873b-5095-bb3c-ddec0fbe6497,1.3.6.1.4.1.14519.5.2.1.3344.2526.213514906278971149769682006680.zip,LGG-1p19qDeletion,LGG-282,MR,8040114,https://www.cancerimagingarchive.net/wp-content/uploads/GC_manifest_LGG-1p19qDeletion_20260326.csv
drs://nci-crdc.datacommons.io/dg.4DFC/a8f95aae-80b6-572c-acee-732f7d558220,1.3.6.1.4.1.14519.5.2.1.3344.2526.213631063749443422817077514960.zip,LGG-1p19qDeletion,LGG-527,SEG,500166,https://www.cancerimagingarchive.net/wp-content/uploads/GC_manifest_LGG-1p19qDeletion_20260326.csv
drs://nci-crdc.datacommons.io/dg.4DFC/e6fbdcc5-0940-52d1-af7b-63c4865b7563,1.3.6.1.4.1.14519.5.2.1.3344.2526.214341695888958149149810541755.zip,LGG-1p19qDeletion,LGG-337,SEG,535726,https://www.cancerimagingarchive.net/wp-content/uploads/GC_manifest_LGG-1p19qDeletion_20260326.csv
drs://nci-crdc.datacommons.io/dg.4DFC/39157058-72a9-5767-947f-a9b5886ca583,1.3.6.1.4.1.14519.5.2.1.3344.2526.214622114118822609015981118945.zip,LGG-1p19qDeletion,LGG-285,MR,7903200,https://www.cancerimagingarchive.net/wp-content/uploads/GC_manifest_LGG-1p19qDeletion_20260326.csv
drs://nci-crdc.datacommons.io/dg.4DFC/f92612e6-d53c-50ca-ba5a-7894c993ae2c,1.3.6.1.4.1.14519.5.2.1.3344.2526.214632776853592323748201437888.zip,LGG-1p19qDeletion,LGG-630,SEG,491420,https://www.cancerimagingarchive.net/wp-content/uploads/GC_manifest_LGG-1p19qDeletion_20260326.csv
drs://nci-crdc.datacommons.io/dg.4DFC/aedd2de0-ef4a-5908-a717-976053cc0565,1.3.6.1.4.1.14519.5.2.1.3344.2526.215048599169256623057480905257.zip,LGG-1p19qDeletion,LGG-385,MR,6967088,https://www.cancerimagingarchive.net/wp-content/uploads/GC_manifest_LGG-1p19qDeletion_20260326.csv
drs://nci-crdc.datacommons.io/dg.4DFC/90743bbb-632b-5a92-947b-75c078a14c8d,1.3.6.1.4.1.14519.5.2.1.3344.2526.215365642873707600435181743684.zip,LGG-1p19qDeletion,LGG-278,SEG,491290,https://www.cancerimagingarchive.net/wp-content/uploads/GC_manifest_LGG-1p19qDeletion_20260326.csv
drs://nci-crdc.datacommons.io/dg.4DFC/12c82dce-36a1-531c-91fe-7bfb25653f44,1.3.6.1.4.1.14519.5.2.1.3344.2526.215555047029556200305886864455.zip,LGG-1p19qDeletion,LGG-380,MR,6699250,https://www.cancerimagingarchive.net/wp-content/uploads/GC_manifest_LGG-1p19qDeletion_20260326.csv
drs://nci-crdc.datacommons.io/dg.4DFC/97af266a-7078-5324-88c3-b0ebccb48e64,1.3.6.1.4.1.14519.5.2.1.3344.2526.216021114980052017521332919385.zip,LGG-1p19qDeletion,LGG-278,MR,8039110,https://www.cancerimagingarchive.net/wp-content/uploads/GC_manifest_LGG-1p19qDeletion_20260326.csv
drs://nci-crdc.datacommons.io/dg.4DFC/22dc13a6-6c29-5521-85e3-4c6c20c903f0,1.3.6.1.4.1.14519.5.2.1.3344.2526.216083588900241188992855277172.zip,LGG-1p19qDeletion,LGG-545,MR,6965338,https://www.cancerimagingarchive.net/wp-content/uploads/GC_manifest_LGG-1p19qDeletion_20260326.csv
drs://nci-crdc.datacommons.io/dg.4DFC/85b82460-3bb4-589a-b5fb-fc2b5aead796,1.3.6.1.4.1.14519.5.2.1.3344.2526.217124843248339789065537981781.zip,LGG-1p19qDeletion,LGG-659,SEG,509148,https://www.cancerimagingarchive.net/wp-content/uploads/GC_manifest_LGG-1p19qDeletion_20260326.csv
drs://nci-crdc.datacommons.io/dg.4DFC/19206df7-362b-583a-8010-ff361ecce03b,1.3.6.1.4.1.14519.5.2.1.3344.2526.218354651192468028651117710081.zip,LGG-1p19qDeletion,LGG-254,MR,6431076,https://www.cancerimagingarchive.net/wp-content/uploads/GC_manifest_LGG-1p19qDeletion_20260326.csv
drs://nci-crdc.datacommons.io/dg.4DFC/3a85b954-a34a-5ee2-ae3c-edf756d95af4,1.3.6.1.4.1.14519.5.2.1.3344.2526.219338186725780311107728865586.zip,LGG-1p19qDeletion,LGG-345,SEG,526926,https://www.cancerimagingarchive.net/wp-content/uploads/GC_manifest_LGG-1p19qDeletion_20260326.csv
drs://nci-crdc.datacommons.io/dg.4DFC/675e6ff0-965c-5b6a-93ce-32635f5d7ccc,1.3.6.1.4.1.14519.5.2.1.3344.2526.220616646449482129096904312493.zip,LGG-1p19qDeletion,LGG-610,MR,7501268,https://www.cancerimagingarchive.net/wp-content/uploads/GC_manifest_LGG-1p19qDeletion_20260326.csv
drs://nci-crdc.datacommons.io/dg.4DFC/44db3c7b-e0ab-5d5c-bafe-52d370a5c668,1.3.6.1.4.1.14519.5.2.1.3344.2526.220748617472905443436518547268.zip,LGG-1p19qDeletion,LGG-320,SEG,184946,https://www.cancerimagingarchive.net/wp-content/uploads/GC_manifest_LGG-1p19qDeletion_20260326.csv
drs://nci-crdc.datacommons.io/dg.4DFC/4d5b329b-92b3-5743-bbf7-1ce801fb88c5,1.3.6.1.4.1.14519.5.2.1.3344.2526.223176765911485733518518326553.zip,LGG-1p19qDeletion,LGG-289,SEG,184950,https://www.cancerimagingarchive.net/wp-content/uploads/GC_manifest_LGG-1p19qDeletion_20260326.csv
drs://nci-crdc.datacommons.io/dg.4DFC/31655d31-d313-5876-ac30-906d6c0a23c1,1.3.6.1.4.1.14519.5.2.1.3344.2526.223249220140484495833362201764.zip,LGG-1p19qDeletion,LGG-630,MR,8041920,https://www.cancerimagingarchive.net/wp-content/uploads/GC_manifest_LGG-1p19qDeletion_20260326.csv
drs://nci-crdc.datacommons.io/dg.4DFC/7d40eba0-d79e-5e48-a3a4-f95182e069e5,1.3.6.1.4.1.14519.5.2.1.3344.2526.223623017336288231402445672911.zip,LGG-1p19qDeletion,LGG-525,SEG,482418,https://www.cancerimagingarchive.net/wp-content/uploads/GC_manifest_LGG-1p19qDeletion_20260326.csv
drs://nci-crdc.datacommons.io/dg.4DFC/ce3844d5-8177-53f8-9234-4ed057af09b8,1.3.6.1.4.1.14519.5.2.1.3344.2526.223700861928497246801380023379.zip,LGG-1p19qDeletion,LGG-616,MR,8035444,https://www.cancerimagingarchive.net/wp-content/uploads/GC_manifest_LGG-1p19qDeletion_20260326.csv
drs://nci-crdc.datacommons.io/dg.4DFC/b069272f-e7f5-5ee5-8634-4219386e0e15,1.3.6.1.4.1.14519.5.2.1.3344.2526.227216917246126800968461665158.zip,LGG-1p19qDeletion,LGG-331,MR,8026124,https://www.cancerimagingarchive.net/wp-content/uploads/GC_manifest_LGG-1p19qDeletion_20260326.csv
drs://nci-crdc.datacommons.io/dg.4DFC/595339ab-d650-549e-9999-edeacf78164c,1.3.6.1.4.1.14519.5.2.1.3344.2526.228178071751102434389275766775.zip,LGG-1p19qDeletion,LGG-516,MR,8035804,https://www.cancerimagingarchive.net/wp-content/uploads/GC_manifest_LGG-1p19qDeletion_20260326.csv
drs://nci-crdc.datacommons.io/dg.4DFC/204f3c56-1fe4-555d-9551-068020b439a6,1.3.6.1.4.1.14519.5.2.1.3344.2526.228405417808648137336422884657.zip,LGG-1p19qDeletion,LGG-552,MR,8034176,https://www.cancerimagingarchive.net/wp-content/uploads/GC_manifest_LGG-1p19qDeletion_20260326.csv
drs://nci-crdc.datacommons.io/dg.4DFC/c92628f2-1985-577c-9673-b2484a9f1d8f,1.3.6.1.4.1.14519.5.2.1.3344.2526.229299021608317874444310107444.zip,LGG-1p19qDeletion,LGG-631,SEG,500168,https://www.cancerimagingarchive.net/wp-content/uploads/GC_manifest_LGG-1p19qDeletion_20260326.csv
drs://nci-crdc.datacommons.io/dg.4DFC/09ce0db7-cf1f-5b5d-b156-041ec83eefaf,1.3.6.1.4.1.14519.5.2.1.3344.2526.229672678238231694347245608283.zip,LGG-1p19qDeletion,LGG-626,MR,8037000,https://www.cancerimagingarchive.net/wp-content/uploads/GC_manifest_LGG-1p19qDeletion_20260326.csv
drs://nci-crdc.datacommons.io/dg.4DFC/7e94de7b-ab5d-543d-a3fd-59599b67b955,1.3.6.1.4.1.14519.5.2.1.3344.2526.230123524890201918773925311609.zip,LGG-1p19qDeletion,LGG-288,SEG,184950,https://www.cancerimagingarchive.net/wp-content/uploads/GC_manifest_LGG-1p19qDeletion_20260326.csv
drs://nci-crdc.datacommons.io/dg.4DFC/891f6823-1f2a-55e4-9542-f5c943e9478f,1.3.6.1.4.1.14519.5.2.1.3344.2526.230779223793131832517045670285.zip,LGG-1p19qDeletion,LGG-354,SEG,464630,https://www.cancerimagingarchive.net/wp-content/uploads/GC_manifest_LGG-1p19qDeletion_20260326.csv
drs://nci-crdc.datacommons.io/dg.4DFC/d67cc4d1-8e6c-59f4-8804-fd7d8886b12d,1.3.6.1.4.1.14519.5.2.1.3344.2526.231382672119847256666619654046.zip,LGG-1p19qDeletion,LGG-500,MR,8040632,https://www.cancerimagingarchive.net/wp-content/uploads/GC_manifest_LGG-1p19qDeletion_20260326.csv
drs://nci-crdc.datacommons.io/dg.4DFC/a4e4313f-9c8e-502b-8fbf-78fb5bfb7806,1.3.6.1.4.1.14519.5.2.1.3344.2526.231698314988115210089406043390.zip,LGG-1p19qDeletion,LGG-218,MR,8035800,https://www.cancerimagingarchive.net/wp-content/uploads/GC_manifest_LGG-1p19qDeletion_20260326.csv
drs://nci-crdc.datacommons.io/dg.4DFC/4e0d5648-4f12-5a13-88b9-7f667ad957cb,1.3.6.1.4.1.14519.5.2.1.3344.2526.231954190218883943172240351037.zip,LGG-1p19qDeletion,LGG-371,MR,7760652,https://www.cancerimagingarchive.net/wp-content/uploads/GC_manifest_LGG-1p19qDeletion_20260326.csv
drs://nci-crdc.datacommons.io/dg.4DFC/34ff0876-3a68-5cea-b799-cf6a6d28d510,1.3.6.1.4.1.14519.5.2.1.3344.2526.232552562494620639876904577813.zip,LGG-1p19qDeletion,LGG-614,MR,8035692,https://www.cancerimagingarchive.net/wp-content/uploads/GC_manifest_LGG-1p19qDeletion_20260326.csv
drs://nci-crdc.datacommons.io/dg.4DFC/a50b0ae5-a16a-5c81-a157-c87c27dfe8c4,1.3.6.1.4.1.14519.5.2.1.3344.2526.233277029541203483886080128401.zip,LGG-1p19qDeletion,LGG-613,MR,8035260,https://www.cancerimagingarchive.net/wp-content/uploads/GC_manifest_LGG-1p19qDeletion_20260326.csv
drs://nci-crdc.datacommons.io/dg.4DFC/4fa7956d-c85d-5e4f-a215-7b578f949db8,1.3.6.1.4.1.14519.5.2.1.3344.2526.233343949900598207544982336338.zip,LGG-1p19qDeletion,LGG-388,MR,8035080,https://www.cancerimagingarchive.net/wp-content/uploads/GC_manifest_LGG-1p19qDeletion_20260326.csv
drs://nci-crdc.datacommons.io/dg.4DFC/2ad74904-277c-5967-ad31-8ac0f0fa7e4a,1.3.6.1.4.1.14519.5.2.1.3344.2526.234029513205835129991218429404.zip,LGG-1p19qDeletion,LGG-218,MR,7770724,https://www.cancerimagingarchive.net/wp-content/uploads/GC_manifest_LGG-1p19qDeletion_20260326.csv
drs://nci-crdc.datacommons.io/dg.4DFC/000c4fd0-3b64-5baa-890f-58e6bb7a99f7,1.3.6.1.4.1.14519.5.2.1.3344.2526.235068236686638852654176814306.zip,LGG-1p19qDeletion,LGG-591,MR,6967166,https://www.cancerimagingarchive.net/wp-content/uploads/GC_manifest_LGG-1p19qDeletion_20260326.csv
drs://nci-crdc.datacommons.io/dg.4DFC/fd14a6c6-def9-5e04-a2cd-093085165aee,1.3.6.1.4.1.14519.5.2.1.3344.2526.235473774227728424292511866388.zip,LGG-1p19qDeletion,LGG-246,MR,8037840,https://www.cancerimagingarchive.net/wp-content/uploads/GC_manifest_LGG-1p19qDeletion_20260326.csv
drs://nci-crdc.datacommons.io/dg.4DFC/9d36cdd2-2b31-56b6-a2fc-7be654937909,1.3.6.1.4.1.14519.5.2.1.3344.2526.235763788013889984596413481157.zip,LGG-1p19qDeletion,LGG-286,SEG,482386,https://www.cancerimagingarchive.net/wp-content/uploads/GC_manifest_LGG-1p19qDeletion_20260326.csv
drs://nci-crdc.datacommons.io/dg.4DFC/77416ba7-82c8-503e-9694-f9b023686f5a,1.3.6.1.4.1.14519.5.2.1.3344.2526.235829848464163258579307546540.zip,LGG-1p19qDeletion,LGG-610,SEG,500186,https://www.cancerimagingarchive.net/wp-content/uploads/GC_manifest_LGG-1p19qDeletion_20260326.csv
drs://nci-crdc.datacommons.io/dg.4DFC/6cebaee3-48a6-5148-a1fc-ae56d5ef232a,1.3.6.1.4.1.14519.5.2.1.3344.2526.235975538073994245838596619118.zip,LGG-1p19qDeletion,LGG-600,MR,8036872,https://www.cancerimagingarchive.net/wp-content/uploads/GC_manifest_LGG-1p19qDeletion_20260326.csv
drs://nci-crdc.datacommons.io/dg.4DFC/a14bf69d-4b48-57ea-a4d7-93ed6984c8b7,1.3.6.1.4.1.14519.5.2.1.3344.2526.236055902697134264953311268360.zip,LGG-1p19qDeletion,LGG-326,SEG,1073310,https://www.cancerimagingarchive.net/wp-content/uploads/GC_manifest_LGG-1p19qDeletion_20260326.csv
drs://nci-crdc.datacommons.io/dg.4DFC/10933352-18e3-5220-8b92-b40bbda3e355,1.3.6.1.4.1.14519.5.2.1.3344.2526.236063863707921263249498347740.zip,LGG-1p19qDeletion,LGG-348,SEG,429084,https://www.cancerimagingarchive.net/wp-content/uploads/GC_manifest_LGG-1p19qDeletion_20260326.csv
drs://nci-crdc.datacommons.io/dg.4DFC/65705f17-5501-5335-b56b-55e5180e331d,1.3.6.1.4.1.14519.5.2.1.3344.2526.236334958406185703813315917995.zip,LGG-1p19qDeletion,LGG-660,MR,8041320,https://www.cancerimagingarchive.net/wp-content/uploads/GC_manifest_LGG-1p19qDeletion_20260326.csv
drs://nci-crdc.datacommons.io/dg.4DFC/1cd8f44f-1b32-5db7-9a63-cd86a4f780d9,1.3.6.1.4.1.14519.5.2.1.3344.2526.237887273853098916825614804681.zip,LGG-1p19qDeletion,LGG-355,MR,7503556,https://www.cancerimagingarchive.net/wp-content/uploads/GC_manifest_LGG-1p19qDeletion_20260326.csv
drs://nci-crdc.datacommons.io/dg.4DFC/c8b85b8e-f3ca-510c-8c9d-8e0056b41eca,1.3.6.1.4.1.14519.5.2.1.3344.2526.238272315484051045324955308594.zip,LGG-1p19qDeletion,LGG-516,MR,7502482,https://www.cancerimagingarchive.net/wp-content/uploads/GC_manifest_LGG-1p19qDeletion_20260326.csv
drs://nci-crdc.datacommons.io/dg.4DFC/4d14e700-9421-5bfb-ad62-efadf43b915e,1.3.6.1.4.1.14519.5.2.1.3344.2526.238274590047229064326784570147.zip,LGG-1p19qDeletion,LGG-609,MR,8035080,https://www.cancerimagingarchive.net/wp-content/uploads/GC_manifest_LGG-1p19qDeletion_20260326.csv
drs://nci-crdc.datacommons.io/dg.4DFC/9568fdd4-c082-5384-81f1-94cea615b089,1.3.6.1.4.1.14519.5.2.1.3344.2526.238611601972466304228989276887.zip,LGG-1p19qDeletion,LGG-338,SEG,349094,https://www.cancerimagingarchive.net/wp-content/uploads/GC_manifest_LGG-1p19qDeletion_20260326.csv
drs://nci-crdc.datacommons.io/dg.4DFC/2af888de-c532-57da-b282-65c33e0acdac,1.3.6.1.4.1.14519.5.2.1.3344.2526.238936107075160879640510780675.zip,LGG-1p19qDeletion,LGG-360,MR,3478228,https://www.cancerimagingarchive.net/wp-content/uploads/GC_manifest_LGG-1p19qDeletion_20260326.csv
drs://nci-crdc.datacommons.io/dg.4DFC/416da956-18d6-5c38-a91d-870692616313,1.3.6.1.4.1.14519.5.2.1.3344.2526.240960302334706046130552145825.zip,LGG-1p19qDeletion,LGG-280,MR,8027560,https://www.cancerimagingarchive.net/wp-content/uploads/GC_manifest_LGG-1p19qDeletion_20260326.csv
drs://nci-crdc.datacommons.io/dg.4DFC/0b8d7307-4759-5d0a-a411-c54d9535360a,1.3.6.1.4.1.14519.5.2.1.3344.2526.241327777498903000994506365331.zip,LGG-1p19qDeletion,LGG-305,MR,8035724,https://www.cancerimagingarchive.net/wp-content/uploads/GC_manifest_LGG-1p19qDeletion_20260326.csv
drs://nci-crdc.datacommons.io/dg.4DFC/7ff66093-20d8-5643-a856-65936a3cb4d2,1.3.6.1.4.1.14519.5.2.1.3344.2526.241683192465573707514962570444.zip,LGG-1p19qDeletion,LGG-308,MR,2678038,https://www.cancerimagingarchive.net/wp-content/uploads/GC_manifest_LGG-1p19qDeletion_20260326.csv
drs://nci-crdc.datacommons.io/dg.4DFC/760308c7-998c-5d0b-8f5f-790c3a67eb1b,1.3.6.1.4.1.14519.5.2.1.3344.2526.241852016649462827439067960105.zip,LGG-1p19qDeletion,LGG-298,MR,7233946,https://www.cancerimagingarchive.net/wp-content/uploads/GC_manifest_LGG-1p19qDeletion_20260326.csv
drs://nci-crdc.datacommons.io/dg.4DFC/bca6c76e-b9c6-54f6-b633-0ce78fc34cf0,1.3.6.1.4.1.14519.5.2.1.3344.2526.242366812024488272053109717810.zip,LGG-1p19qDeletion,LGG-624,MR,6967272,https://www.cancerimagingarchive.net/wp-content/uploads/GC_manifest_LGG-1p19qDeletion_20260326.csv
drs://nci-crdc.datacommons.io/dg.4DFC/264289df-1454-5d1a-b8e9-28e25e7d1625,1.3.6.1.4.1.14519.5.2.1.3344.2526.242371593663745659533352776529.zip,LGG-1p19qDeletion,LGG-360,SEG,535724,https://www.cancerimagingarchive.net/wp-content/uploads/GC_manifest_LGG-1p19qDeletion_20260326.csv
drs://nci-crdc.datacommons.io/dg.4DFC/7b3cccb1-6350-5251-a9e6-2ac869bf9de9,1.3.6.1.4.1.14519.5.2.1.3344.2526.242602054499982299981292595272.zip,LGG-1p19qDeletion,LGG-225,MR,8035030,https://www.cancerimagingarchive.net/wp-content/uploads/GC_manifest_LGG-1p19qDeletion_20260326.csv
drs://nci-crdc.datacommons.io/dg.4DFC/5b6fa818-270c-54dc-bd51-a2e834674abe,1.3.6.1.4.1.14519.5.2.1.3344.2526.242787624405482384486948382531.zip,LGG-1p19qDeletion,LGG-260,SEG,535706,https://www.cancerimagingarchive.net/wp-content/uploads/GC_manifest_LGG-1p19qDeletion_20260326.csv
drs://nci-crdc.datacommons.io/dg.4DFC/8fc27a3c-fd59-5133-b346-f09b4da99690,1.3.6.1.4.1.14519.5.2.1.3344.2526.242899396718125304176379724781.zip,LGG-1p19qDeletion,LGG-572,SEG,482382,https://www.cancerimagingarchive.net/wp-content/uploads/GC_manifest_LGG-1p19qDeletion_20260326.csv
drs://nci-crdc.datacommons.io/dg.4DFC/2ad54c1c-e222-5501-8c47-6a4c7c68ffe0,1.3.6.1.4.1.14519.5.2.1.3344.2526.245346242181379805167553094988.zip,LGG-1p19qDeletion,LGG-587,MR,8034060,https://www.cancerimagingarchive.net/wp-content/uploads/GC_manifest_LGG-1p19qDeletion_20260326.csv
drs://nci-crdc.datacommons.io/dg.4DFC/b7b11e86-964a-5a46-98d3-4ceeea4cb8c4,1.3.6.1.4.1.14519.5.2.1.3344.2526.245393814687610465511513924376.zip,LGG-1p19qDeletion,LGG-325,MR,5353256,https://www.cancerimagingarchive.net/wp-content/uploads/GC_manifest_LGG-1p19qDeletion_20260326.csv
drs://nci-crdc.datacommons.io/dg.4DFC/dedba9fd-7192-53bd-b86f-b48c27db5896,1.3.6.1.4.1.14519.5.2.1.3344.2526.245772272813847259774909563876.zip,LGG-1p19qDeletion,LGG-519,MR,4825438,https://www.cancerimagingarchive.net/wp-content/uploads/GC_manifest_LGG-1p19qDeletion_20260326.csv
drs://nci-crdc.datacommons.io/dg.4DFC/609d2560-bcf7-5d0c-8da7-9e9d08d094dc,1.3.6.1.4.1.14519.5.2.1.3344.2526.246403042370952193210001295775.zip,LGG-1p19qDeletion,LGG-547,SEG,491284,https://www.cancerimagingarchive.net/wp-content/uploads/GC_manifest_LGG-1p19qDeletion_20260326.csv
drs://nci-crdc.datacommons.io/dg.4DFC/bffcbd37-92c1-542b-8e66-ff58b4822fe9,1.3.6.1.4.1.14519.5.2.1.3344.2526.247398675185631473816580896126.zip,LGG-1p19qDeletion,LGG-367,MR,4824380,https://www.cancerimagingarchive.net/wp-content/uploads/GC_manifest_LGG-1p19qDeletion_20260326.csv
drs://nci-crdc.datacommons.io/dg.4DFC/ce0945cd-e7e9-503e-9165-558e85e3c5f6,1.3.6.1.4.1.14519.5.2.1.3344.2526.247470990537152592939255531898.zip,LGG-1p19qDeletion,LGG-229,MR,2679954,https://www.cancerimagingarchive.net/wp-content/uploads/GC_manifest_LGG-1p19qDeletion_20260326.csv
drs://nci-crdc.datacommons.io/dg.4DFC/5cc37390-599f-529c-a465-3f6cc6dae4f6,1.3.6.1.4.1.14519.5.2.1.3344.2526.247907433134913505127104944207.zip,LGG-1p19qDeletion,LGG-613,MR,8038320,https://www.cancerimagingarchive.net/wp-content/uploads/GC_manifest_LGG-1p19qDeletion_20260326.csv
drs://nci-crdc.datacommons.io/dg.4DFC/c64c11de-804b-599e-a2e1-ac94a6f6a36d,1.3.6.1.4.1.14519.5.2.1.3344.2526.248065049334586098922211122865.zip,LGG-1p19qDeletion,LGG-616,MR,7501316,https://www.cancerimagingarchive.net/wp-content/uploads/GC_manifest_LGG-1p19qDeletion_20260326.csv
drs://nci-crdc.datacommons.io/dg.4DFC/32de2b3d-f0ef-5012-b185-cb97fc786924,1.3.6.1.4.1.14519.5.2.1.3344.2526.248693383620259103779823995256.zip,LGG-1p19qDeletion,LGG-391,MR,7231252,https://www.cancerimagingarchive.net/wp-content/uploads/GC_manifest_LGG-1p19qDeletion_20260326.csv
drs://nci-crdc.datacommons.io/dg.4DFC/b0f41c00-b461-596d-ae86-ce7a048d0e03,1.3.6.1.4.1.14519.5.2.1.3344.2526.252210578442622919459850508724.zip,LGG-1p19qDeletion,LGG-589,MR,8036844,https://www.cancerimagingarchive.net/wp-content/uploads/GC_manifest_LGG-1p19qDeletion_20260326.csv
drs://nci-crdc.datacommons.io/dg.4DFC/2b081672-804f-5dcf-82d8-002e16011206,1.3.6.1.4.1.14519.5.2.1.3344.2526.253019570060997129069151814065.zip,LGG-1p19qDeletion,LGG-203,MR,8035800,https://www.cancerimagingarchive.net/wp-content/uploads/GC_manifest_LGG-1p19qDeletion_20260326.csv
drs://nci-crdc.datacommons.io/dg.4DFC/26582aa5-285c-54c5-82fd-4a5b1b14e5c3,1.3.6.1.4.1.14519.5.2.1.3344.2526.253481141404290300284730106187.zip,LGG-1p19qDeletion,LGG-293,MR,8035860,https://www.cancerimagingarchive.net/wp-content/uploads/GC_manifest_LGG-1p19qDeletion_20260326.csv
drs://nci-crdc.datacommons.io/dg.4DFC/5dfc80f2-e879-57af-80b0-fddcec52971d,1.3.6.1.4.1.14519.5.2.1.3344.2526.255177595512112682062437085763.zip,LGG-1p19qDeletion,LGG-396,SEG,535718,https://www.cancerimagingarchive.net/wp-content/uploads/GC_manifest_LGG-1p19qDeletion_20260326.csv
drs://nci-crdc.datacommons.io/dg.4DFC/ec74f190-ccc9-59ec-bb9c-889a217a6e25,1.3.6.1.4.1.14519.5.2.1.3344.2526.256639751309403990638757628301.zip,LGG-1p19qDeletion,LGG-371,MR,4549336,https://www.cancerimagingarchive.net/wp-content/uploads/GC_manifest_LGG-1p19qDeletion_20260326.csv
drs://nci-crdc.datacommons.io/dg.4DFC/1c272ddb-c2ca-50dc-a396-7ac7a500ce48,1.3.6.1.4.1.14519.5.2.1.3344.2526.257299275030835586844244746004.zip,LGG-1p19qDeletion,LGG-604,MR,6966418,https://www.cancerimagingarchive.net/wp-content/uploads/GC_manifest_LGG-1p19qDeletion_20260326.csv
drs://nci-crdc.datacommons.io/dg.4DFC/2d1850d5-eb49-590f-878d-cef97c83e5b6,1.3.6.1.4.1.14519.5.2.1.3344.2526.257727922613563051350115770069.zip,LGG-1p19qDeletion,LGG-365,MR,8035376,https://www.cancerimagingarchive.net/wp-content/uploads/GC_manifest_LGG-1p19qDeletion_20260326.csv
drs://nci-crdc.datacommons.io/dg.4DFC/0ad9ab89-4f71-505c-ab5b-68ae64f53c9a,1.3.6.1.4.1.14519.5.2.1.3344.2526.258254924986042477750364032831.zip,LGG-1p19qDeletion,LGG-298,SEG,482400,https://www.cancerimagingarchive.net/wp-content/uploads/GC_manifest_LGG-1p19qDeletion_20260326.csv
drs://nci-crdc.datacommons.io/dg.4DFC/51f75947-0cdf-5ad8-82af-0cd56b7316b2,1.3.6.1.4.1.14519.5.2.1.3344.2526.258824967584040515910156011705.zip,LGG-1p19qDeletion,LGG-387,MR,18978616,https://www.cancerimagingarchive.net/wp-content/uploads/GC_manifest_LGG-1p19qDeletion_20260326.csv
drs://nci-crdc.datacommons.io/dg.4DFC/ea53212a-64e8-588f-9f1c-7dba4e4244c5,1.3.6.1.4.1.14519.5.2.1.3344.2526.259054578917551855981995441304.zip,LGG-1p19qDeletion,LGG-612,SEG,482398,https://www.cancerimagingarchive.net/wp-content/uploads/GC_manifest_LGG-1p19qDeletion_20260326.csv
drs://nci-crdc.datacommons.io/dg.4DFC/984b0737-1835-5db3-8531-68eedef6211d,1.3.6.1.4.1.14519.5.2.1.3344.2526.259202219020438656331955743992.zip,LGG-1p19qDeletion,LGG-396,MR,8037170,https://www.cancerimagingarchive.net/wp-content/uploads/GC_manifest_LGG-1p19qDeletion_20260326.csv
drs://nci-crdc.datacommons.io/dg.4DFC/d91d0a44-364d-5945-84f8-d8d52a3af2d7,1.3.6.1.4.1.14519.5.2.1.3344.2526.259514907000394447228791192069.zip,LGG-1p19qDeletion,LGG-246,SEG,535706,https://www.cancerimagingarchive.net/wp-content/uploads/GC_manifest_LGG-1p19qDeletion_20260326.csv
drs://nci-crdc.datacommons.io/dg.4DFC/fa9663ff-f478-5af3-b605-df1e7527327e,1.3.6.1.4.1.14519.5.2.1.3344.2526.259640904902416731384728431593.zip,LGG-1p19qDeletion,LGG-337,MR,8027492,https://www.cancerimagingarchive.net/wp-content/uploads/GC_manifest_LGG-1p19qDeletion_20260326.csv
drs://nci-crdc.datacommons.io/dg.4DFC/c39a4b30-5f0d-5cd1-bb61-be344cc8c20c,1.3.6.1.4.1.14519.5.2.1.3344.2526.259895387005845680897784830178.zip,LGG-1p19qDeletion,LGG-296,MR,7772324,https://www.cancerimagingarchive.net/wp-content/uploads/GC_manifest_LGG-1p19qDeletion_20260326.csv
drs://nci-crdc.datacommons.io/dg.4DFC/cc5a00e3-3e91-56da-822a-b4c69621ee3f,1.3.6.1.4.1.14519.5.2.1.3344.2526.261037216822760373673678444103.zip,LGG-1p19qDeletion,LGG-320,MR,5353184,https://www.cancerimagingarchive.net/wp-content/uploads/GC_manifest_LGG-1p19qDeletion_20260326.csv
drs://nci-crdc.datacommons.io/dg.4DFC/b4d4bc94-ed36-5b8a-9ee0-7c7b7d4154e1,1.3.6.1.4.1.14519.5.2.1.3344.2526.263310658110230527143751483646.zip,LGG-1p19qDeletion,LGG-607,SEG,526914,https://www.cancerimagingarchive.net/wp-content/uploads/GC_manifest_LGG-1p19qDeletion_20260326.csv
drs://nci-crdc.datacommons.io/dg.4DFC/75fc0e1a-8921-5854-b31d-135bbcd24564,1.3.6.1.4.1.14519.5.2.1.3344.2526.263523066781354208916658701114.zip,LGG-1p19qDeletion,LGG-395,SEG,482444,https://www.cancerimagingarchive.net/wp-content/uploads/GC_manifest_LGG-1p19qDeletion_20260326.csv
drs://nci-crdc.datacommons.io/dg.4DFC/5c47e8ed-e3f7-5717-afe8-12efd9ae15fe,1.3.6.1.4.1.14519.5.2.1.3344.2526.264066485790632951945832728016.zip,LGG-1p19qDeletion,LGG-373,SEG,491304,https://www.cancerimagingarchive.net/wp-content/uploads/GC_manifest_LGG-1p19qDeletion_20260326.csv
drs://nci-crdc.datacommons.io/dg.4DFC/bf7ac990-b85d-54f9-ae7c-b6d288a44190,1.3.6.1.4.1.14519.5.2.1.3344.2526.266548934732878147388815824047.zip,LGG-1p19qDeletion,LGG-330,MR,4826144,https://www.cancerimagingarchive.net/wp-content/uploads/GC_manifest_LGG-1p19qDeletion_20260326.csv
drs://nci-crdc.datacommons.io/dg.4DFC/5ba2c80f-379e-58b3-9f06-b48a511ce788,1.3.6.1.4.1.14519.5.2.1.3344.2526.266891658900626969007677040607.zip,LGG-1p19qDeletion,LGG-296,MR,8039144,https://www.cancerimagingarchive.net/wp-content/uploads/GC_manifest_LGG-1p19qDeletion_20260326.csv
drs://nci-crdc.datacommons.io/dg.4DFC/3f72541c-e446-5d6e-bd83-a421f6a7f5b7,1.3.6.1.4.1.14519.5.2.1.3344.2526.267359228036527332624143963390.zip,LGG-1p19qDeletion,LGG-394,MR,7233834,https://www.cancerimagingarchive.net/wp-content/uploads/GC_manifest_LGG-1p19qDeletion_20260326.csv
drs://nci-crdc.datacommons.io/dg.4DFC/2367553d-2684-575f-9575-488d8999f34f,1.3.6.1.4.1.14519.5.2.1.3344.2526.268024550262379835965025939300.zip,LGG-1p19qDeletion,LGG-492,MR,7237944,https://www.cancerimagingarchive.net/wp-content/uploads/GC_manifest_LGG-1p19qDeletion_20260326.csv
drs://nci-crdc.datacommons.io/dg.4DFC/eed71165-8ae2-5f63-9d23-f508e5a4d123,1.3.6.1.4.1.14519.5.2.1.3344.2526.268762958083267335713319892110.zip,LGG-1p19qDeletion,LGG-229,SEG,184952,https://www.cancerimagingarchive.net/wp-content/uploads/GC_manifest_LGG-1p19qDeletion_20260326.csv
drs://nci-crdc.datacommons.io/dg.4DFC/08566ab9-655b-586b-baf6-a63ccbc9ca73,1.3.6.1.4.1.14519.5.2.1.3344.2526.269421148988049927356713422598.zip,LGG-1p19qDeletion,LGG-314,MR,4816230,https://www.cancerimagingarchive.net/wp-content/uploads/GC_manifest_LGG-1p19qDeletion_20260326.csv
drs://nci-crdc.datacommons.io/dg.4DFC/08931d5b-a20f-5135-a540-c635cc0085a1,1.3.6.1.4.1.14519.5.2.1.3344.2526.271655278144006032759033288822.zip,LGG-1p19qDeletion,LGG-231,MR,8035558,https://www.cancerimagingarchive.net/wp-content/uploads/GC_manifest_LGG-1p19qDeletion_20260326.csv
drs://nci-crdc.datacommons.io/dg.4DFC/026ecc48-8673-57ab-a3aa-602f4114876e,1.3.6.1.4.1.14519.5.2.1.3344.2526.271780138152205322662322836704.zip,LGG-1p19qDeletion,LGG-216,MR,5085946,https://www.cancerimagingarchive.net/wp-content/uploads/GC_manifest_LGG-1p19qDeletion_20260326.csv
drs://nci-crdc.datacommons.io/dg.4DFC/26f2db1b-2333-5cf2-b4ff-2e318059365c,1.3.6.1.4.1.14519.5.2.1.3344.2526.273604161401387759379600667163.zip,LGG-1p19qDeletion,LGG-314,SEG,322412,https://www.cancerimagingarchive.net/wp-content/uploads/GC_manifest_LGG-1p19qDeletion_20260326.csv
drs://nci-crdc.datacommons.io/dg.4DFC/c4f3926a-429f-5f6f-85fb-ca3682e5ae65,1.3.6.1.4.1.14519.5.2.1.3344.2526.273787117006523648152762203138.zip,LGG-1p19qDeletion,LGG-558,MR,6429312,https://www.cancerimagingarchive.net/wp-content/uploads/GC_manifest_LGG-1p19qDeletion_20260326.csv
drs://nci-crdc.datacommons.io/dg.4DFC/296fb937-1b1d-53f7-a253-704c7e31b174,1.3.6.1.4.1.14519.5.2.1.3344.2526.274359726504075369220718333820.zip,LGG-1p19qDeletion,LGG-246,MR,8034780,https://www.cancerimagingarchive.net/wp-content/uploads/GC_manifest_LGG-1p19qDeletion_20260326.csv
drs://nci-crdc.datacommons.io/dg.4DFC/554f5b1b-02b9-572f-abbb-e85db3caeea7,1.3.6.1.4.1.14519.5.2.1.3344.2526.274791069119343205596173727966.zip,LGG-1p19qDeletion,LGG-341,MR,7359926,https://www.cancerimagingarchive.net/wp-content/uploads/GC_manifest_LGG-1p19qDeletion_20260326.csv
drs://nci-crdc.datacommons.io/dg.4DFC/3bac6411-6b1a-5a20-8e67-221b4df25f7d,1.3.6.1.4.1.14519.5.2.1.3344.2526.274834031870420929201523148939.zip,LGG-1p19qDeletion,LGG-311,MR,8040378,https://www.cancerimagingarchive.net/wp-content/uploads/GC_manifest_LGG-1p19qDeletion_20260326.csv
drs://nci-crdc.datacommons.io/dg.4DFC/4f471fbe-0c6b-583d-a310-c3c8bed19440,1.3.6.1.4.1.14519.5.2.1.3344.2526.275010460115452584787422004156.zip,LGG-1p19qDeletion,LGG-387,MR,18979408,https://www.cancerimagingarchive.net/wp-content/uploads/GC_manifest_LGG-1p19qDeletion_20260326.csv
drs://nci-crdc.datacommons.io/dg.4DFC/2d2969a1-f4ae-5164-9075-c1b59d141d35,1.3.6.1.4.1.14519.5.2.1.3344.2526.275091226122119643214287456998.zip,LGG-1p19qDeletion,LGG-637,MR,26256356,https://www.cancerimagingarchive.net/wp-content/uploads/GC_manifest_LGG-1p19qDeletion_20260326.csv
drs://nci-crdc.datacommons.io/dg.4DFC/0420c179-75c7-540e-953a-ade545c7bbee,1.3.6.1.4.1.14519.5.2.1.3344.2526.275768087677777799260764957727.zip,LGG-1p19qDeletion,LGG-351,MR,8026086,https://www.cancerimagingarchive.net/wp-content/uploads/GC_manifest_LGG-1p19qDeletion_20260326.csv
drs://nci-crdc.datacommons.io/dg.4DFC/791ff052-6967-5f6c-a845-a4e6a0b9fd4f,1.3.6.1.4.1.14519.5.2.1.3344.2526.275870638739425525303050454249.zip,LGG-1p19qDeletion,LGG-273,MR,2679952,https://www.cancerimagingarchive.net/wp-content/uploads/GC_manifest_LGG-1p19qDeletion_20260326.csv
drs://nci-crdc.datacommons.io/dg.4DFC/e95a5d0f-74a0-54bb-aa4c-47530dad8f8d,1.3.6.1.4.1.14519.5.2.1.3344.2526.275908489210159326010496017565.zip,LGG-1p19qDeletion,LGG-622,SEG,482476,https://www.cancerimagingarchive.net/wp-content/uploads/GC_manifest_LGG-1p19qDeletion_20260326.csv
drs://nci-crdc.datacommons.io/dg.4DFC/f63b1168-f039-5b99-a3fb-d52f9b7b8a6c,1.3.6.1.4.1.14519.5.2.1.3344.2526.277375003517313144896262834836.zip,LGG-1p19qDeletion,LGG-624,MR,8036284,https://www.cancerimagingarchive.net/wp-content/uploads/GC_manifest_LGG-1p19qDeletion_20260326.csv
drs://nci-crdc.datacommons.io/dg.4DFC/520b61fb-3601-5b22-9bd6-2f570a1cd3ba,1.3.6.1.4.1.14519.5.2.1.3344.2526.277651767064693127464231200953.zip,LGG-1p19qDeletion,LGG-351,SEG,482404,https://www.cancerimagingarchive.net/wp-content/uploads/GC_manifest_LGG-1p19qDeletion_20260326.csv
drs://nci-crdc.datacommons.io/dg.4DFC/cc4b7d90-33f7-5a9b-b5d0-08d59213282f,1.3.6.1.4.1.14519.5.2.1.3344.2526.278629868572047754677740245657.zip,LGG-1p19qDeletion,LGG-579,SEG,500250,https://www.cancerimagingarchive.net/wp-content/uploads/GC_manifest_LGG-1p19qDeletion_20260326.csv
drs://nci-crdc.datacommons.io/dg.4DFC/5899d367-3032-5887-b233-33828b3a9f0b,1.3.6.1.4.1.14519.5.2.1.3344.2526.279144522831091424512915399252.zip,LGG-1p19qDeletion,LGG-241,MR,7636512,https://www.cancerimagingarchive.net/wp-content/uploads/GC_manifest_LGG-1p19qDeletion_20260326.csv
drs://nci-crdc.datacommons.io/dg.4DFC/b8acac56-a4f7-5b42-aba8-f8b7c4e82e8e,1.3.6.1.4.1.14519.5.2.1.3344.2526.279310568076636050066524098901.zip,LGG-1p19qDeletion,LGG-589,SEG,482458,https://www.cancerimagingarchive.net/wp-content/uploads/GC_manifest_LGG-1p19qDeletion_20260326.csv
drs://nci-crdc.datacommons.io/dg.4DFC/dd183a98-7502-5aa6-85d4-4cc330c17346,1.3.6.1.4.1.14519.5.2.1.3344.2526.282096017761735908643765245335.zip,LGG-1p19qDeletion,LGG-642,SEG,464726,https://www.cancerimagingarchive.net/wp-content/uploads/GC_manifest_LGG-1p19qDeletion_20260326.csv
drs://nci-crdc.datacommons.io/dg.4DFC/755a8c02-1e12-514d-aba0-992f1ce1db75,1.3.6.1.4.1.14519.5.2.1.3344.2526.282613779766939892039359896922.zip,LGG-1p19qDeletion,LGG-566,MR,7770724,https://www.cancerimagingarchive.net/wp-content/uploads/GC_manifest_LGG-1p19qDeletion_20260326.csv
drs://nci-crdc.datacommons.io/dg.4DFC/780c1653-7d2e-546a-b4be-31419ac9c085,1.3.6.1.4.1.14519.5.2.1.3344.2526.284424574137713701454316264929.zip,LGG-1p19qDeletion,LGG-547,MR,31630314,https://www.cancerimagingarchive.net/wp-content/uploads/GC_manifest_LGG-1p19qDeletion_20260326.csv
drs://nci-crdc.datacommons.io/dg.4DFC/488456bf-e6af-5653-9604-a18af0f7c1b6,1.3.6.1.4.1.14519.5.2.1.3344.2526.286519128253309162894041936916.zip,LGG-1p19qDeletion,LGG-614,MR,7636522,https://www.cancerimagingarchive.net/wp-content/uploads/GC_manifest_LGG-1p19qDeletion_20260326.csv
drs://nci-crdc.datacommons.io/dg.4DFC/c2785bda-8b70-5bc4-85e7-6458b369061d,1.3.6.1.4.1.14519.5.2.1.3344.2526.286532487510152977343923015907.zip,LGG-1p19qDeletion,LGG-314,MR,4817382,https://www.cancerimagingarchive.net/wp-content/uploads/GC_manifest_LGG-1p19qDeletion_20260326.csv
drs://nci-crdc.datacommons.io/dg.4DFC/7973ee8e-1139-5d60-a375-164b1fdbe012,1.3.6.1.4.1.14519.5.2.1.3344.2526.287055490210216327876740550425.zip,LGG-1p19qDeletion,LGG-307,MR,8036160,https://www.cancerimagingarchive.net/wp-content/uploads/GC_manifest_LGG-1p19qDeletion_20260326.csv
drs://nci-crdc.datacommons.io/dg.4DFC/cdb5d645-c328-5e69-b6d8-d546ff8f1ce8,1.3.6.1.4.1.14519.5.2.1.3344.2526.287083989040188890544733079834.zip,LGG-1p19qDeletion,LGG-354,MR,8026162,https://www.cancerimagingarchive.net/wp-content/uploads/GC_manifest_LGG-1p19qDeletion_20260326.csv
drs://nci-crdc.datacommons.io/dg.4DFC/e260ca23-e09c-51ff-9861-b0a7cd3c5106,1.3.6.1.4.1.14519.5.2.1.3344.2526.287275351921066369292547416000.zip,LGG-1p19qDeletion,LGG-380,SEG,446850,https://www.cancerimagingarchive.net/wp-content/uploads/GC_manifest_LGG-1p19qDeletion_20260326.csv
drs://nci-crdc.datacommons.io/dg.4DFC/c99cd7dc-be4d-5da6-9da2-dbc8a1fe290d,1.3.6.1.4.1.14519.5.2.1.3344.2526.287543209128557045124513910130.zip,LGG-1p19qDeletion,LGG-363,MR,7223430,https://www.cancerimagingarchive.net/wp-content/uploads/GC_manifest_LGG-1p19qDeletion_20260326.csv
drs://nci-crdc.datacommons.io/dg.4DFC/efe208b8-7faf-5203-b01c-c3b142fb006d,1.3.6.1.4.1.14519.5.2.1.3344.2526.288448945822405352258160565584.zip,LGG-1p19qDeletion,LGG-533,SEG,482378,https://www.cancerimagingarchive.net/wp-content/uploads/GC_manifest_LGG-1p19qDeletion_20260326.csv
drs://nci-crdc.datacommons.io/dg.4DFC/3e656f39-ad31-57ed-b345-77d7c6e49773,1.3.6.1.4.1.14519.5.2.1.3344.2526.289987548810697218630853817857.zip,LGG-1p19qDeletion,LGG-552,MR,8038444,https://www.cancerimagingarchive.net/wp-content/uploads/GC_manifest_LGG-1p19qDeletion_20260326.csv
drs://nci-crdc.datacommons.io/dg.4DFC/d2750f80-eb43-5cd7-a0bc-9f9e96ed6096,1.3.6.1.4.1.14519.5.2.1.3344.2526.290193829789314718922723361272.zip,LGG-1p19qDeletion,LGG-500,SEG,535710,https://www.cancerimagingarchive.net/wp-content/uploads/GC_manifest_LGG-1p19qDeletion_20260326.csv
drs://nci-crdc.datacommons.io/dg.4DFC/b1c4defe-c1d7-5b7e-84c5-0ea37b228dcd,1.3.6.1.4.1.14519.5.2.1.3344.2526.290843139448249569449245338151.zip,LGG-1p19qDeletion,LGG-104,MR,31632158,https://www.cancerimagingarchive.net/wp-content/uploads/GC_manifest_LGG-1p19qDeletion_20260326.csv
drs://nci-crdc.datacommons.io/dg.4DFC/fbaeb307-3129-5e34-b59c-a39c2a50ca6f,1.3.6.1.4.1.14519.5.2.1.3344.2526.291403014198020343381873438355.zip,LGG-1p19qDeletion,LGG-537,MR,7500756,https://www.cancerimagingarchive.net/wp-content/uploads/GC_manifest_LGG-1p19qDeletion_20260326.csv
drs://nci-crdc.datacommons.io/dg.4DFC/9291df29-cac8-58ef-9616-f9c4d539b7dd,1.3.6.1.4.1.14519.5.2.1.3344.2526.292034229424241880479679916844.zip,LGG-1p19qDeletion,LGG-321,MR,8035222,https://www.cancerimagingarchive.net/wp-content/uploads/GC_manifest_LGG-1p19qDeletion_20260326.csv
drs://nci-crdc.datacommons.io/dg.4DFC/11d925ae-06ae-59b6-9fa0-998167d203fe,1.3.6.1.4.1.14519.5.2.1.3344.2526.293085136900807307010847024843.zip,LGG-1p19qDeletion,LGG-620,MR,8037000,https://www.cancerimagingarchive.net/wp-content/uploads/GC_manifest_LGG-1p19qDeletion_20260326.csv
drs://nci-crdc.datacommons.io/dg.4DFC/6b39a904-e533-5bed-a585-800fa8926c74,1.3.6.1.4.1.14519.5.2.1.3344.2526.294475465728076957040102617292.zip,LGG-1p19qDeletion,LGG-297,MR,2680408,https://www.cancerimagingarchive.net/wp-content/uploads/GC_manifest_LGG-1p19qDeletion_20260326.csv
drs://nci-crdc.datacommons.io/dg.4DFC/fb40da36-b434-51f6-b195-b0a383fd827c,1.3.6.1.4.1.14519.5.2.1.3344.2526.294950599866531474797444636351.zip,LGG-1p19qDeletion,LGG-240,SEG,184950,https://www.cancerimagingarchive.net/wp-content/uploads/GC_manifest_LGG-1p19qDeletion_20260326.csv
drs://nci-crdc.datacommons.io/dg.4DFC/7c896b81-f802-5048-8e1e-dde0f0607cc6,1.3.6.1.4.1.14519.5.2.1.3344.2526.295602479325141704642223465255.zip,LGG-1p19qDeletion,LGG-625,MR,26262220,https://www.cancerimagingarchive.net/wp-content/uploads/GC_manifest_LGG-1p19qDeletion_20260326.csv
drs://nci-crdc.datacommons.io/dg.4DFC/d07296ce-7b3a-5f96-90ca-307be83c0cf4,1.3.6.1.4.1.14519.5.2.1.3344.2526.296292837599988684235524033314.zip,LGG-1p19qDeletion,LGG-346,MR,8029200,https://www.cancerimagingarchive.net/wp-content/uploads/GC_manifest_LGG-1p19qDeletion_20260326.csv
drs://nci-crdc.datacommons.io/dg.4DFC/a8b4e78b-9041-5b4d-8a41-ec1267c55125,1.3.6.1.4.1.14519.5.2.1.3344.2526.297065067724229666501657157158.zip,LGG-1p19qDeletion,LGG-316,MR,8027480,https://www.cancerimagingarchive.net/wp-content/uploads/GC_manifest_LGG-1p19qDeletion_20260326.csv
drs://nci-crdc.datacommons.io/dg.4DFC/79b4c40f-ea94-5992-93c6-ba8ce232892a,1.3.6.1.4.1.14519.5.2.1.3344.2526.297356637424743265751312774772.zip,LGG-1p19qDeletion,LGG-295,MR,8043348,https://www.cancerimagingarchive.net/wp-content/uploads/GC_manifest_LGG-1p19qDeletion_20260326.csv
drs://nci-crdc.datacommons.io/dg.4DFC/7a58e604-4cf7-5ad2-8629-f4d2018abad4,1.3.6.1.4.1.14519.5.2.1.3344.2526.297678228871307615884030612324.zip,LGG-1p19qDeletion,LGG-492,SEG,482440,https://www.cancerimagingarchive.net/wp-content/uploads/GC_manifest_LGG-1p19qDeletion_20260326.csv
drs://nci-crdc.datacommons.io/dg.4DFC/4a1a968a-8f33-59c8-8412-2e39a9c8417b,1.3.6.1.4.1.14519.5.2.1.3344.2526.298298834850749345024083619910.zip,LGG-1p19qDeletion,LGG-343,MR,6958178,https://www.cancerimagingarchive.net/wp-content/uploads/GC_manifest_LGG-1p19qDeletion_20260326.csv
drs://nci-crdc.datacommons.io/dg.4DFC/f357842b-ccf3-5432-aaa5-e965e5750894,1.3.6.1.4.1.14519.5.2.1.3344.2526.298342755294192331986801691790.zip,LGG-1p19qDeletion,LGG-350,MR,8027108,https://www.cancerimagingarchive.net/wp-content/uploads/GC_manifest_LGG-1p19qDeletion_20260326.csv
drs://nci-crdc.datacommons.io/dg.4DFC/86466602-ea19-5068-856d-29f579a4daa8,1.3.6.1.4.1.14519.5.2.1.3344.2526.298984614036935404921612812398.zip,LGG-1p19qDeletion,LGG-651,SEG,535812,https://www.cancerimagingarchive.net/wp-content/uploads/GC_manifest_LGG-1p19qDeletion_20260326.csv
drs://nci-crdc.datacommons.io/dg.4DFC/a8e6074f-ef3c-5f11-8335-539a9bf6ae79,1.3.6.1.4.1.14519.5.2.1.3344.2526.299847616085116568242116750324.zip,LGG-1p19qDeletion,LGG-350,MR,6958484,https://www.cancerimagingarchive.net/wp-content/uploads/GC_manifest_LGG-1p19qDeletion_20260326.csv
drs://nci-crdc.datacommons.io/dg.4DFC/054bd968-245d-55ad-99b9-e6de0f979e32,1.3.6.1.4.1.14519.5.2.1.3344.2526.300401985187878416396670020766.zip,LGG-1p19qDeletion,LGG-326,MR,4282956,https://www.cancerimagingarchive.net/wp-content/uploads/GC_manifest_LGG-1p19qDeletion_20260326.csv
drs://nci-crdc.datacommons.io/dg.4DFC/69f3bdff-7513-51a1-8e96-4b4caea6702e,1.3.6.1.4.1.14519.5.2.1.3344.2526.300683671354954778689317598256.zip,LGG-1p19qDeletion,LGG-285,SEG,526826,https://www.cancerimagingarchive.net/wp-content/uploads/GC_manifest_LGG-1p19qDeletion_20260326.csv
drs://nci-crdc.datacommons.io/dg.4DFC/d04c1791-d06e-5e89-9191-f5adabd184e1,1.3.6.1.4.1.14519.5.2.1.3344.2526.301408063703407425466689018373.zip,LGG-1p19qDeletion,LGG-348,MR,6422540,https://www.cancerimagingarchive.net/wp-content/uploads/GC_manifest_LGG-1p19qDeletion_20260326.csv
drs://nci-crdc.datacommons.io/dg.4DFC/ab1ea999-21ce-58a6-8945-46a9822a2de6,1.3.6.1.4.1.14519.5.2.1.3344.2526.301927175023091477279610475064.zip,LGG-1p19qDeletion,LGG-282,MR,8037294,https://www.cancerimagingarchive.net/wp-content/uploads/GC_manifest_LGG-1p19qDeletion_20260326.csv
drs://nci-crdc.datacommons.io/dg.4DFC/83c07d9a-f1e2-57f4-ad7e-16609f68c01c,1.3.6.1.4.1.14519.5.2.1.3344.2526.302117191534632639047102949324.zip,LGG-1p19qDeletion,LGG-304,MR,5353204,https://www.cancerimagingarchive.net/wp-content/uploads/GC_manifest_LGG-1p19qDeletion_20260326.csv
drs://nci-crdc.datacommons.io/dg.4DFC/7d9fe72b-7a47-5e7a-90a3-dc059e40b451,1.3.6.1.4.1.14519.5.2.1.3344.2526.302228594591372667185688413295.zip,LGG-1p19qDeletion,LGG-313,MR,6824922,https://www.cancerimagingarchive.net/wp-content/uploads/GC_manifest_LGG-1p19qDeletion_20260326.csv
drs://nci-crdc.datacommons.io/dg.4DFC/af2b0e27-9dfe-52bf-a440-7b396a41ba97,1.3.6.1.4.1.14519.5.2.1.3344.2526.302854603732689791879606217194.zip,LGG-1p19qDeletion,LGG-632,MR,8039516,https://www.cancerimagingarchive.net/wp-content/uploads/GC_manifest_LGG-1p19qDeletion_20260326.csv
drs://nci-crdc.datacommons.io/dg.4DFC/b145f1f2-b6f6-57a3-80e6-ac5335f19c5e,1.3.6.1.4.1.14519.5.2.1.3344.2526.304835640418160682029033776033.zip,LGG-1p19qDeletion,LGG-311,SEG,464620,https://www.cancerimagingarchive.net/wp-content/uploads/GC_manifest_LGG-1p19qDeletion_20260326.csv
drs://nci-crdc.datacommons.io/dg.4DFC/60356dd1-e79a-50f7-b95f-354540cb7c48,1.3.6.1.4.1.14519.5.2.1.3344.2526.305367523268492270696000290311.zip,LGG-1p19qDeletion,LGG-585,SEG,482450,https://www.cancerimagingarchive.net/wp-content/uploads/GC_manifest_LGG-1p19qDeletion_20260326.csv
drs://nci-crdc.datacommons.io/dg.4DFC/9fd34214-435f-58dc-9b6c-fffa19617f23,1.3.6.1.4.1.14519.5.2.1.3344.2526.305518688617718608117317026420.zip,LGG-1p19qDeletion,LGG-585,MR,8041800,https://www.cancerimagingarchive.net/wp-content/uploads/GC_manifest_LGG-1p19qDeletion_20260326.csv
drs://nci-crdc.datacommons.io/dg.4DFC/f6d01abc-c017-513f-8cef-1c34da79c57c,1.3.6.1.4.1.14519.5.2.1.3344.2526.305984630878545694935426230076.zip,LGG-1p19qDeletion,LGG-285,MR,8035798,https://www.cancerimagingarchive.net/wp-content/uploads/GC_manifest_LGG-1p19qDeletion_20260326.csv
drs://nci-crdc.datacommons.io/dg.4DFC/afc163f9-001c-5d94-b64e-9eecc6a2e599,1.3.6.1.4.1.14519.5.2.1.3344.2526.306593630009776641841902405368.zip,LGG-1p19qDeletion,LGG-334,SEG,322424,https://www.cancerimagingarchive.net/wp-content/uploads/GC_manifest_LGG-1p19qDeletion_20260326.csv
drs://nci-crdc.datacommons.io/dg.4DFC/18826fb8-db17-5d24-8c78-1f6a9fecb4db,1.3.6.1.4.1.14519.5.2.1.3344.2526.307209806106234616593968717611.zip,LGG-1p19qDeletion,LGG-566,SEG,517956,https://www.cancerimagingarchive.net/wp-content/uploads/GC_manifest_LGG-1p19qDeletion_20260326.csv
drs://nci-crdc.datacommons.io/dg.4DFC/ddbee58f-5eaa-5833-aee9-81cd9db891ec,1.3.6.1.4.1.14519.5.2.1.3344.2526.307294191792000747741544183686.zip,LGG-1p19qDeletion,LGG-225,MR,7233948,https://www.cancerimagingarchive.net/wp-content/uploads/GC_manifest_LGG-1p19qDeletion_20260326.csv
drs://nci-crdc.datacommons.io/dg.4DFC/5a257c0c-528d-58fb-bae8-821d3334047a,1.3.6.1.4.1.14519.5.2.1.3344.2526.307613187190767894113829296089.zip,LGG-1p19qDeletion,LGG-293,SEG,535712,https://www.cancerimagingarchive.net/wp-content/uploads/GC_manifest_LGG-1p19qDeletion_20260326.csv
drs://nci-crdc.datacommons.io/dg.4DFC/2c1dbe98-7a26-50fd-8158-0db088295425,1.3.6.1.4.1.14519.5.2.1.3344.2526.308688205853166076090088779463.zip,LGG-1p19qDeletion,LGG-269,SEG,184946,https://www.cancerimagingarchive.net/wp-content/uploads/GC_manifest_LGG-1p19qDeletion_20260326.csv
drs://nci-crdc.datacommons.io/dg.4DFC/6868b47a-e424-5a0a-bcf9-bf797172b17a,1.3.6.1.4.1.14519.5.2.1.3344.2526.309044234066719345205074818382.zip,LGG-1p19qDeletion,LGG-576,MR,8038680,https://www.cancerimagingarchive.net/wp-content/uploads/GC_manifest_LGG-1p19qDeletion_20260326.csv
drs://nci-crdc.datacommons.io/dg.4DFC/13668987-15dc-5cce-aadd-9093281368cf,1.3.6.1.4.1.14519.5.2.1.3344.2526.309085958966731941660989602534.zip,LGG-1p19qDeletion,LGG-304,SEG,184946,https://www.cancerimagingarchive.net/wp-content/uploads/GC_manifest_LGG-1p19qDeletion_20260326.csv
drs://nci-crdc.datacommons.io/dg.4DFC/78c98ca8-49a5-5207-80e5-41a3219401b8,1.3.6.1.4.1.14519.5.2.1.3344.2526.309890839439402797550645033538.zip,LGG-1p19qDeletion,LGG-344,MR,6688926,https://www.cancerimagingarchive.net/wp-content/uploads/GC_manifest_LGG-1p19qDeletion_20260326.csv
drs://nci-crdc.datacommons.io/dg.4DFC/13a89bfe-3ff9-532c-812b-302a06883205,1.3.6.1.4.1.14519.5.2.1.3344.2526.310102575287469318619899005593.zip,LGG-1p19qDeletion,LGG-579,MR,8036028,https://www.cancerimagingarchive.net/wp-content/uploads/GC_manifest_LGG-1p19qDeletion_20260326.csv
drs://nci-crdc.datacommons.io/dg.4DFC/6f46628b-9763-5eb8-85be-6446015c929a,1.3.6.1.4.1.14519.5.2.1.3344.2526.310758987461625825815190986830.zip,LGG-1p19qDeletion,LGG-371,SEG,517928,https://www.cancerimagingarchive.net/wp-content/uploads/GC_manifest_LGG-1p19qDeletion_20260326.csv
drs://nci-crdc.datacommons.io/dg.4DFC/30e98cbb-d772-53dd-8428-155c8720a3f5,1.3.6.1.4.1.14519.5.2.1.3344.2526.311405719863873330079688770384.zip,LGG-1p19qDeletion,LGG-363,MR,3344650,https://www.cancerimagingarchive.net/wp-content/uploads/GC_manifest_LGG-1p19qDeletion_20260326.csv
drs://nci-crdc.datacommons.io/dg.4DFC/2d91451f-b0b6-5e60-a3db-1304fff04376,1.3.6.1.4.1.14519.5.2.1.3344.2526.312448007124386106190814081243.zip,LGG-1p19qDeletion,LGG-620,MR,8039878,https://www.cancerimagingarchive.net/wp-content/uploads/GC_manifest_LGG-1p19qDeletion_20260326.csv
drs://nci-crdc.datacommons.io/dg.4DFC/f6ff98b7-06f3-536b-b26e-79e5f4812035,1.3.6.1.4.1.14519.5.2.1.3344.2526.312983180473334952157906775906.zip,LGG-1p19qDeletion,LGG-345,MR,8039512,https://www.cancerimagingarchive.net/wp-content/uploads/GC_manifest_LGG-1p19qDeletion_20260326.csv
drs://nci-crdc.datacommons.io/dg.4DFC/6684e7f8-6420-58e4-a584-e1b47d7847b8,1.3.6.1.4.1.14519.5.2.1.3344.2526.313084166100520876340794084184.zip,LGG-1p19qDeletion,LGG-616,SEG,500140,https://www.cancerimagingarchive.net/wp-content/uploads/GC_manifest_LGG-1p19qDeletion_20260326.csv
drs://nci-crdc.datacommons.io/dg.4DFC/7e324563-2138-51b6-886b-41948cfee7cc,1.3.6.1.4.1.14519.5.2.1.3344.2526.313502096142757563234388358050.zip,LGG-1p19qDeletion,LGG-563,MR,7500940,https://www.cancerimagingarchive.net/wp-content/uploads/GC_manifest_LGG-1p19qDeletion_20260326.csv
drs://nci-crdc.datacommons.io/dg.4DFC/e09c9529-4ed4-5f08-be36-963d38d10abd,1.3.6.1.4.1.14519.5.2.1.3344.2526.314619624699327039982485493180.zip,LGG-1p19qDeletion,LGG-582,MR,8037892,https://www.cancerimagingarchive.net/wp-content/uploads/GC_manifest_LGG-1p19qDeletion_20260326.csv
drs://nci-crdc.datacommons.io/dg.4DFC/2e77938c-11b4-582e-9a32-72ef1a68fd83,1.3.6.1.4.1.14519.5.2.1.3344.2526.316000191566720525870536555523.zip,LGG-1p19qDeletion,LGG-219,SEG,184946,https://www.cancerimagingarchive.net/wp-content/uploads/GC_manifest_LGG-1p19qDeletion_20260326.csv
drs://nci-crdc.datacommons.io/dg.4DFC/41daabd7-a8d5-5ce5-bf0a-9433f1742353,1.3.6.1.4.1.14519.5.2.1.3344.2526.316201029155161166998424992576.zip,LGG-1p19qDeletion,LGG-346,MR,8027820,https://www.cancerimagingarchive.net/wp-content/uploads/GC_manifest_LGG-1p19qDeletion_20260326.csv
drs://nci-crdc.datacommons.io/dg.4DFC/2dd47c75-e77a-517b-b8c7-04e478f4b6e1,1.3.6.1.4.1.14519.5.2.1.3344.2526.317648600102391499059617011581.zip,LGG-1p19qDeletion,LGG-527,MR,8035800,https://www.cancerimagingarchive.net/wp-content/uploads/GC_manifest_LGG-1p19qDeletion_20260326.csv
drs://nci-crdc.datacommons.io/dg.4DFC/7006b81e-1efe-599d-a59f-77bb2b0c20a3,1.3.6.1.4.1.14519.5.2.1.3344.2526.318554721923922215136232178819.zip,LGG-1p19qDeletion,LGG-582,SEG,535710,https://www.cancerimagingarchive.net/wp-content/uploads/GC_manifest_LGG-1p19qDeletion_20260326.csv
drs://nci-crdc.datacommons.io/dg.4DFC/9ff8723c-54e3-5ebd-9c84-582ae7fcd227,1.3.6.1.4.1.14519.5.2.1.3344.2526.319163506528328320892251604246.zip,LGG-1p19qDeletion,LGG-225,SEG,482404,https://www.cancerimagingarchive.net/wp-content/uploads/GC_manifest_LGG-1p19qDeletion_20260326.csv
drs://nci-crdc.datacommons.io/dg.4DFC/107bace7-c7a5-56f0-825d-886c8f50f2eb,1.3.6.1.4.1.14519.5.2.1.3344.2526.319445814855238535259521599840.zip,LGG-1p19qDeletion,LGG-537,MR,8036138,https://www.cancerimagingarchive.net/wp-content/uploads/GC_manifest_LGG-1p19qDeletion_20260326.csv
drs://nci-crdc.datacommons.io/dg.4DFC/87438a40-8f09-5fe8-be28-e31cdf0bb2ed,1.3.6.1.4.1.14519.5.2.1.3344.2526.319726544074079633293814000900.zip,LGG-1p19qDeletion,LGG-278,MR,7370316,https://www.cancerimagingarchive.net/wp-content/uploads/GC_manifest_LGG-1p19qDeletion_20260326.csv
drs://nci-crdc.datacommons.io/dg.4DFC/ba0705df-6b65-5141-93e8-af0c86520b15,1.3.6.1.4.1.14519.5.2.1.3344.2526.319797540215116035022345560856.zip,LGG-1p19qDeletion,LGG-295,SEG,509194,https://www.cancerimagingarchive.net/wp-content/uploads/GC_manifest_LGG-1p19qDeletion_20260326.csv
drs://nci-crdc.datacommons.io/dg.4DFC/53d6c863-3d7b-56b5-a3ce-15213dbd80d0,1.3.6.1.4.1.14519.5.2.1.3344.2526.321262322016359179935074558733.zip,LGG-1p19qDeletion,LGG-626,SEG,535802,https://www.cancerimagingarchive.net/wp-content/uploads/GC_manifest_LGG-1p19qDeletion_20260326.csv
drs://nci-crdc.datacommons.io/dg.4DFC/ef7e679e-5a82-5c6e-b923-d94aa7c0a5bd,1.3.6.1.4.1.14519.5.2.1.3344.2526.321606137224184054064414001563.zip,LGG-1p19qDeletion,LGG-561,MR,7234270,https://www.cancerimagingarchive.net/wp-content/uploads/GC_manifest_LGG-1p19qDeletion_20260326.csv
drs://nci-crdc.datacommons.io/dg.4DFC/6f688f73-416c-50b8-b946-3fe249f2ca57,1.3.6.1.4.1.14519.5.2.1.3344.2526.321907471454714093332757682685.zip,LGG-1p19qDeletion,LGG-388,MR,7770030,https://www.cancerimagingarchive.net/wp-content/uploads/GC_manifest_LGG-1p19qDeletion_20260326.csv
drs://nci-crdc.datacommons.io/dg.4DFC/9c73d659-f092-55e1-b953-e92a74d3155c,1.3.6.1.4.1.14519.5.2.1.3344.2526.321909342233038178858830985071.zip,LGG-1p19qDeletion,LGG-394,MR,8034716,https://www.cancerimagingarchive.net/wp-content/uploads/GC_manifest_LGG-1p19qDeletion_20260326.csv
drs://nci-crdc.datacommons.io/dg.4DFC/9f2f478d-1568-5d8f-b326-d65c8e171055,1.3.6.1.4.1.14519.5.2.1.3344.2526.322013065180215043064549091929.zip,LGG-1p19qDeletion,LGG-642,MR,6967792,https://www.cancerimagingarchive.net/wp-content/uploads/GC_manifest_LGG-1p19qDeletion_20260326.csv
drs://nci-crdc.datacommons.io/dg.4DFC/98bed724-c18b-521f-ae65-37d0ded3a4b9,1.3.6.1.4.1.14519.5.2.1.3344.2526.322588837741464621920624948746.zip,LGG-1p19qDeletion,LGG-321,SEG,429076,https://www.cancerimagingarchive.net/wp-content/uploads/GC_manifest_LGG-1p19qDeletion_20260326.csv
drs://nci-crdc.datacommons.io/dg.4DFC/759c30a2-0d79-5f41-bd61-2811d1b47cb1,1.3.6.1.4.1.14519.5.2.1.3344.2526.325093301111969789428856372729.zip,LGG-1p19qDeletion,LGG-104,SEG,535794,https://www.cancerimagingarchive.net/wp-content/uploads/GC_manifest_LGG-1p19qDeletion_20260326.csv
drs://nci-crdc.datacommons.io/dg.4DFC/dbf83bc4-d33b-5551-95c5-e6ae701886d0,1.3.6.1.4.1.14519.5.2.1.3344.2526.325587406536683381904264172820.zip,LGG-1p19qDeletion,LGG-516,SEG,500170,https://www.cancerimagingarchive.net/wp-content/uploads/GC_manifest_LGG-1p19qDeletion_20260326.csv
drs://nci-crdc.datacommons.io/dg.4DFC/5b2130a7-b791-586c-b37b-1b2c80a4a8e2,1.3.6.1.4.1.14519.5.2.1.3344.2526.325924202057352309207242220652.zip,LGG-1p19qDeletion,LGG-391,SEG,482426,https://www.cancerimagingarchive.net/wp-content/uploads/GC_manifest_LGG-1p19qDeletion_20260326.csv
drs://nci-crdc.datacommons.io/dg.4DFC/b88e8da8-73c1-5a13-a9c4-b9f42058e84b,1.3.6.1.4.1.14519.5.2.1.3344.2526.326355693093140371164668803811.zip,LGG-1p19qDeletion,LGG-377,MR,6967168,https://www.cancerimagingarchive.net/wp-content/uploads/GC_manifest_LGG-1p19qDeletion_20260326.csv
drs://nci-crdc.datacommons.io/dg.4DFC/b9493154-8d24-5bf0-8473-644fb9ff7eb8,1.3.6.1.4.1.14519.5.2.1.3344.2526.327065453019536528178804114239.zip,LGG-1p19qDeletion,LGG-261,SEG,446836,https://www.cancerimagingarchive.net/wp-content/uploads/GC_manifest_LGG-1p19qDeletion_20260326.csv
drs://nci-crdc.datacommons.io/dg.4DFC/c09c6746-fe4e-5305-982d-5577c2eb874e,1.3.6.1.4.1.14519.5.2.1.3344.2526.327160876559480718666591898989.zip,LGG-1p19qDeletion,LGG-361,MR,4823300,https://www.cancerimagingarchive.net/wp-content/uploads/GC_manifest_LGG-1p19qDeletion_20260326.csv
drs://nci-crdc.datacommons.io/dg.4DFC/8850fba0-601c-5cf8-b52b-5af809973ccd,1.3.6.1.4.1.14519.5.2.1.3344.2526.328136894390300288360227677554.zip,LGG-1p19qDeletion,LGG-315,MR,8040444,https://www.cancerimagingarchive.net/wp-content/uploads/GC_manifest_LGG-1p19qDeletion_20260326.csv
drs://nci-crdc.datacommons.io/dg.4DFC/d9411697-44a0-5756-ba8b-704243ef8041,1.3.6.1.4.1.14519.5.2.1.3344.2526.328438941727856242136992288201.zip,LGG-1p19qDeletion,LGG-515,MR,5091300,https://www.cancerimagingarchive.net/wp-content/uploads/GC_manifest_LGG-1p19qDeletion_20260326.csv
drs://nci-crdc.datacommons.io/dg.4DFC/c11046dd-ad9f-576a-a857-80be12071f87,1.3.6.1.4.1.14519.5.2.1.3344.2526.328481609681061743080461284928.zip,LGG-1p19qDeletion,LGG-359,SEG,491318,https://www.cancerimagingarchive.net/wp-content/uploads/GC_manifest_LGG-1p19qDeletion_20260326.csv
drs://nci-crdc.datacommons.io/dg.4DFC/4ce24690-9bbe-5592-9ac5-e5d5943d6f9a,1.3.6.1.4.1.14519.5.2.1.3344.2526.328567359430504965813130218977.zip,LGG-1p19qDeletion,LGG-550,MR,8035800,https://www.cancerimagingarchive.net/wp-content/uploads/GC_manifest_LGG-1p19qDeletion_20260326.csv
drs://nci-crdc.datacommons.io/dg.4DFC/73c356c9-5391-52e6-9a24-8722e065cfb7,1.3.6.1.4.1.14519.5.2.1.3344.2526.329499000361423724676546362035.zip,LGG-1p19qDeletion,LGG-352,SEG,482404,https://www.cancerimagingarchive.net/wp-content/uploads/GC_manifest_LGG-1p19qDeletion_20260326.csv
drs://nci-crdc.datacommons.io/dg.4DFC/afd4e889-4914-59ef-86f6-d987641e210a,1.3.6.1.4.1.14519.5.2.1.3344.2526.329688218831130187111885237886.zip,LGG-1p19qDeletion,LGG-581,MR,8036040,https://www.cancerimagingarchive.net/wp-content/uploads/GC_manifest_LGG-1p19qDeletion_20260326.csv
drs://nci-crdc.datacommons.io/dg.4DFC/87f53ff7-d7e9-5730-bd2b-0c5d4b0cb69b,1.3.6.1.4.1.14519.5.2.1.3344.2526.329953740638477018287404449275.zip,LGG-1p19qDeletion,LGG-614,SEG,500164,https://www.cancerimagingarchive.net/wp-content/uploads/GC_manifest_LGG-1p19qDeletion_20260326.csv
drs://nci-crdc.datacommons.io/dg.4DFC/cf377ca3-250b-592b-a300-85183781b122,1.3.6.1.4.1.14519.5.2.1.3344.2526.332060944011000525792428792183.zip,LGG-1p19qDeletion,LGG-520,SEG,517938,https://www.cancerimagingarchive.net/wp-content/uploads/GC_manifest_LGG-1p19qDeletion_20260326.csv
drs://nci-crdc.datacommons.io/dg.4DFC/2239c9e0-2906-5154-b824-a13f632c4fa7,1.3.6.1.4.1.14519.5.2.1.3344.2526.332761369945323076129628327028.zip,LGG-1p19qDeletion,LGG-352,MR,8034594,https://www.cancerimagingarchive.net/wp-content/uploads/GC_manifest_LGG-1p19qDeletion_20260326.csv
drs://nci-crdc.datacommons.io/dg.4DFC/ad989fe0-f7f8-5f66-8ebf-bf9b3d1dafa9,1.3.6.1.4.1.14519.5.2.1.3344.2526.334583319014650607773244936845.zip,LGG-1p19qDeletion,LGG-609,MR,8037998,https://www.cancerimagingarchive.net/wp-content/uploads/GC_manifest_LGG-1p19qDeletion_20260326.csv
drs://nci-crdc.datacommons.io/dg.4DFC/920c12dd-10d7-5a47-ac09-a71ea92c2069,1.3.6.1.4.1.14519.5.2.1.3344.2526.334626103460814369037135417962.zip,LGG-1p19qDeletion,LGG-573,SEG,464600,https://www.cancerimagingarchive.net/wp-content/uploads/GC_manifest_LGG-1p19qDeletion_20260326.csv
drs://nci-crdc.datacommons.io/dg.4DFC/682bd625-b021-5c29-8e5b-34623e43f899,1.3.6.1.4.1.14519.5.2.1.3344.2526.334974616525124237194628364515.zip,LGG-1p19qDeletion,LGG-344,SEG,446884,https://www.cancerimagingarchive.net/wp-content/uploads/GC_manifest_LGG-1p19qDeletion_20260326.csv
drs://nci-crdc.datacommons.io/dg.4DFC/0904fe8d-e68d-58a6-92fc-cb419a6e0860,1.3.6.1.4.1.14519.5.2.1.3344.2526.335370462234633604037162752520.zip,LGG-1p19qDeletion,LGG-359,MR,7365178,https://www.cancerimagingarchive.net/wp-content/uploads/GC_manifest_LGG-1p19qDeletion_20260326.csv
drs://nci-crdc.datacommons.io/dg.4DFC/96dad7e7-4434-5226-bc95-a89817a9b5d8,1.3.6.1.4.1.14519.5.2.1.3344.2526.336136334372316666717650607866.zip,LGG-1p19qDeletion,LGG-597,SEG,526916,https://www.cancerimagingarchive.net/wp-content/uploads/GC_manifest_LGG-1p19qDeletion_20260326.csv
drs://nci-crdc.datacommons.io/dg.4DFC/585f803d-141c-562f-a9e9-e044681a8e02,1.3.6.1.4.1.14519.5.2.1.3344.2526.336298505986310958860903601988.zip,LGG-1p19qDeletion,LGG-249,MR,8038680,https://www.cancerimagingarchive.net/wp-content/uploads/GC_manifest_LGG-1p19qDeletion_20260326.csv
drs://nci-crdc.datacommons.io/dg.4DFC/b5f5b638-cc7c-5345-bcd2-53b366d0b991,1.3.6.1.4.1.14519.5.2.1.3344.2526.337514999512537544992141921011.zip,LGG-1p19qDeletion,LGG-254,MR,8035606,https://www.cancerimagingarchive.net/wp-content/uploads/GC_manifest_LGG-1p19qDeletion_20260326.csv
drs://nci-crdc.datacommons.io/dg.4DFC/60bb6d9d-eb07-5c35-a00e-2b9d0a28444a,1.3.6.1.4.1.14519.5.2.1.3344.2526.338254246915383425472449386800.zip,LGG-1p19qDeletion,LGG-590,MR,8035374,https://www.cancerimagingarchive.net/wp-content/uploads/GC_manifest_LGG-1p19qDeletion_20260326.csv
drs://nci-crdc.datacommons.io/dg.4DFC/1c2e3cb3-22d8-54f4-afc2-862b452cc8c8,1.3.6.1.4.1.14519.5.2.1.3344.2526.338552577730579027144920023661.zip,LGG-1p19qDeletion,LGG-515,MR,20035030,https://www.cancerimagingarchive.net/wp-content/uploads/GC_manifest_LGG-1p19qDeletion_20260326.csv
drs://nci-crdc.datacommons.io/dg.4DFC/4a915231-db87-51c7-b4d7-af2ecf7f32ef,1.3.6.1.4.1.14519.5.2.1.3344.2526.338743176311304801575579727765.zip,LGG-1p19qDeletion,LGG-306,MR,8038316,https://www.cancerimagingarchive.net/wp-content/uploads/GC_manifest_LGG-1p19qDeletion_20260326.csv
drs://nci-crdc.datacommons.io/dg.4DFC/250f7466-f1d2-5db3-b38a-4beef7d87cea,1.3.6.1.4.1.14519.5.2.1.3344.2526.338962111977707027825709764930.zip,LGG-1p19qDeletion,LGG-286,MR,7236308,https://www.cancerimagingarchive.net/wp-content/uploads/GC_manifest_LGG-1p19qDeletion_20260326.csv
drs://nci-crdc.datacommons.io/dg.4DFC/76f78267-d118-5c1c-ac48-8c42535cb992,1.3.6.1.4.1.14519.5.2.1.3344.2526.339487254566627267419264334089.zip,LGG-1p19qDeletion,LGG-277,MR,2680130,https://www.cancerimagingarchive.net/wp-content/uploads/GC_manifest_LGG-1p19qDeletion_20260326.csv
drs://nci-crdc.datacommons.io/dg.4DFC/a3c8e23d-6070-5af6-8eac-945293b309e8,1.3.6.1.4.1.14519.5.2.1.3344.2526.340243480248733809527695903495.zip,LGG-1p19qDeletion,LGG-527,MR,7502538,https://www.cancerimagingarchive.net/wp-content/uploads/GC_manifest_LGG-1p19qDeletion_20260326.csv
drs://nci-crdc.datacommons.io/dg.4DFC/abd965bb-1e13-54ea-a63f-f12e56e46f89,1.3.6.1.4.1.14519.5.2.1.3344.2526.352551322618958070990089400389.zip,LGG-1p19qDeletion,LGG-647,MR,8042566,https://www.cancerimagingarchive.net/wp-content/uploads/GC_manifest_LGG-1p19qDeletion_20260326.csv
drs://nci-crdc.datacommons.io/dg.4DFC/f767fa04-bdce-5383-a578-a4768b75336f,1.3.6.1.4.1.14519.5.2.1.3344.2526.353361176046584950535176877691.zip,LGG-1p19qDeletion,LGG-518,MR,8039760,https://www.cancerimagingarchive.net/wp-content/uploads/GC_manifest_LGG-1p19qDeletion_20260326.csv
drs://nci-crdc.datacommons.io/dg.4DFC/7556ae4e-7e96-5cf6-bb43-599d314ad858,1.3.6.1.4.1.14519.5.2.1.3344.2526.363437464197230527691152079034.zip,LGG-1p19qDeletion,LGG-604,SEG,464692,https://www.cancerimagingarchive.net/wp-content/uploads/GC_manifest_LGG-1p19qDeletion_20260326.csv
drs://nci-crdc.datacommons.io/dg.4DFC/5cc5886e-a4ba-520d-a851-195ed48d55cb,1.3.6.1.4.1.14519.5.2.1.3344.2526.371001640827015380390097419994.zip,LGG-1p19qDeletion,LGG-383,MR,8038320,https://www.cancerimagingarchive.net/wp-content/uploads/GC_manifest_LGG-1p19qDeletion_20260326.csv
drs://nci-crdc.datacommons.io/dg.4DFC/e1d358a8-0adb-51ea-8d6d-aefafd22b90f,1.3.6.1.4.1.14519.5.2.1.3344.2526.372804386399346227713613312584.zip,LGG-1p19qDeletion,LGG-573,MR,8035444,https://www.cancerimagingarchive.net/wp-content/uploads/GC_manifest_LGG-1p19qDeletion_20260326.csv
drs://nci-crdc.datacommons.io/dg.4DFC/3891dbfd-0cfc-574b-82e7-7fda19ffc326,1.3.6.1.4.1.14519.5.2.1.3344.2526.375626883782201346688554943433.zip,LGG-1p19qDeletion,LGG-515,SEG,1274092,https://www.cancerimagingarchive.net/wp-content/uploads/GC_manifest_LGG-1p19qDeletion_20260326.csv
drs://nci-crdc.datacommons.io/dg.4DFC/80e75fcc-05c0-5301-96c4-b0e8bb84e1a3,1.3.6.1.4.1.14519.5.2.1.3344.2526.375639936382246266836743028031.zip,LGG-1p19qDeletion,LGG-651,MR,8035086,https://www.cancerimagingarchive.net/wp-content/uploads/GC_manifest_LGG-1p19qDeletion_20260326.csv
drs://nci-crdc.datacommons.io/dg.4DFC/9a81c35b-01a3-55f2-b9a8-5778c5751cb6,1.3.6.1.4.1.14519.5.2.1.3344.2526.378888666896621139518637229646.zip,LGG-1p19qDeletion,LGG-570,SEG,464626,https://www.cancerimagingarchive.net/wp-content/uploads/GC_manifest_LGG-1p19qDeletion_20260326.csv
drs://nci-crdc.datacommons.io/dg.4DFC/e0bcb25f-20e4-553b-8907-2a3cd1143dc6,1.3.6.1.4.1.14519.5.2.1.3344.2526.383609997546431076462256412008.zip,LGG-1p19qDeletion,LGG-622,MR,8036040,https://www.cancerimagingarchive.net/wp-content/uploads/GC_manifest_LGG-1p19qDeletion_20260326.csv
drs://nci-crdc.datacommons.io/dg.4DFC/ff3054b3-3a1c-5aa1-acf0-06381ab61b2e,1.3.6.1.4.1.14519.5.2.1.3344.2526.391775470254763859074216031111.zip,LGG-1p19qDeletion,LGG-573,MR,6966336,https://www.cancerimagingarchive.net/wp-content/uploads/GC_manifest_LGG-1p19qDeletion_20260326.csv
drs://nci-crdc.datacommons.io/dg.4DFC/6c5a1e1e-33dd-528b-b5f9-c537a7f40a47,1.3.6.1.4.1.14519.5.2.1.3344.2526.393585555142946018141164523654.zip,LGG-1p19qDeletion,LGG-391,MR,7230392,https://www.cancerimagingarchive.net/wp-content/uploads/GC_manifest_LGG-1p19qDeletion_20260326.csv
drs://nci-crdc.datacommons.io/dg.4DFC/f6335816-a671-503f-995b-c0d0f56ac813,1.3.6.1.4.1.14519.5.2.1.3344.2526.396117715481138923857167923566.zip,LGG-1p19qDeletion,LGG-545,MR,8033942,https://www.cancerimagingarchive.net/wp-content/uploads/GC_manifest_LGG-1p19qDeletion_20260326.csv
drs://nci-crdc.datacommons.io/dg.4DFC/e294339a-2be0-5216-b003-de0947dd9782,1.3.6.1.4.1.14519.5.2.1.3344.2526.411718680207945900468346404643.zip,LGG-1p19qDeletion,LGG-373,MR,7358224,https://www.cancerimagingarchive.net/wp-content/uploads/GC_manifest_LGG-1p19qDeletion_20260326.csv
drs://nci-crdc.datacommons.io/dg.4DFC/8f0dc87f-1aa1-5d79-b1ab-5641ac4a3dca,1.3.6.1.4.1.14519.5.2.1.3344.2526.420485039549100381466828696866.zip,LGG-1p19qDeletion,LGG-576,MR,8035800,https://www.cancerimagingarchive.net/wp-content/uploads/GC_manifest_LGG-1p19qDeletion_20260326.csv
drs://nci-crdc.datacommons.io/dg.4DFC/249126cd-d58e-5828-831f-cf454ae72344,1.3.6.1.4.1.14519.5.2.1.3344.2526.430832917189654739265523080565.zip,LGG-1p19qDeletion,LGG-361,MR,4824380,https://www.cancerimagingarchive.net/wp-content/uploads/GC_manifest_LGG-1p19qDeletion_20260326.csv
drs://nci-crdc.datacommons.io/dg.4DFC/daaa79d5-698e-5ccd-a714-6dffe0cf31c9,1.3.6.1.4.1.14519.5.2.1.3344.2526.449954346111094730454879680675.zip,LGG-1p19qDeletion,LGG-249,MR,8035800,https://www.cancerimagingarchive.net/wp-content/uploads/GC_manifest_LGG-1p19qDeletion_20260326.csv
drs://nci-crdc.datacommons.io/dg.4DFC/61b29791-87d5-5b03-88b4-d4318cd7230e,1.3.6.1.4.1.14519.5.2.1.3344.2526.451393261664236758900651694141.zip,LGG-1p19qDeletion,LGG-357,SEG,482398,https://www.cancerimagingarchive.net/wp-content/uploads/GC_manifest_LGG-1p19qDeletion_20260326.csv
drs://nci-crdc.datacommons.io/dg.4DFC/290377d0-9824-59da-bb1f-fd343f7b0474,1.3.6.1.4.1.14519.5.2.1.3344.2526.456163801850496637718375666914.zip,LGG-1p19qDeletion,LGG-263,MR,8036664,https://www.cancerimagingarchive.net/wp-content/uploads/GC_manifest_LGG-1p19qDeletion_20260326.csv
drs://nci-crdc.datacommons.io/dg.4DFC/d0a5497c-7e1e-5866-8df9-21ac99ac1b58,1.3.6.1.4.1.14519.5.2.1.3344.2526.460425720324594989687836793378.zip,LGG-1p19qDeletion,LGG-234,SEG,535828,https://www.cancerimagingarchive.net/wp-content/uploads/GC_manifest_LGG-1p19qDeletion_20260326.csv
drs://nci-crdc.datacommons.io/dg.4DFC/4a36d203-6ad1-5376-a03f-3c0ca0e2cc4e,1.3.6.1.4.1.14519.5.2.1.3344.2526.471273256622890903169897612931.zip,LGG-1p19qDeletion,LGG-518,SEG,535822,https://www.cancerimagingarchive.net/wp-content/uploads/GC_manifest_LGG-1p19qDeletion_20260326.csv
drs://nci-crdc.datacommons.io/dg.4DFC/4bf692f3-113b-5ca5-ad32-0993c516e372,1.3.6.1.4.1.14519.5.2.1.3344.2526.482719615550514868203866583855.zip,LGG-1p19qDeletion,LGG-240,MR,2677856,https://www.cancerimagingarchive.net/wp-content/uploads/GC_manifest_LGG-1p19qDeletion_20260326.csv
drs://nci-crdc.datacommons.io/dg.4DFC/396964e1-32ec-5e27-ba38-a261694514b4,1.3.6.1.4.1.14519.5.2.1.3344.2526.485331522499136768745620604122.zip,LGG-1p19qDeletion,LGG-280,MR,6690842,https://www.cancerimagingarchive.net/wp-content/uploads/GC_manifest_LGG-1p19qDeletion_20260326.csv
drs://nci-crdc.datacommons.io/dg.4DFC/45131196-be88-59de-bf70-1fddab1286bd,1.3.6.1.4.1.14519.5.2.1.3344.2526.494665683268116712899332802868.zip,LGG-1p19qDeletion,LGG-622,MR,7235068,https://www.cancerimagingarchive.net/wp-content/uploads/GC_manifest_LGG-1p19qDeletion_20260326.csv
drs://nci-crdc.datacommons.io/dg.4DFC/f20c86ab-5292-5cb6-bb34-f6e5fcd0284b,1.3.6.1.4.1.14519.5.2.1.3344.2526.495672814364247416724902974558.zip,LGG-1p19qDeletion,LGG-610,MR,8034120,https://www.cancerimagingarchive.net/wp-content/uploads/GC_manifest_LGG-1p19qDeletion_20260326.csv
drs://nci-crdc.datacommons.io/dg.4DFC/1db2b0e3-a3aa-5d97-9a60-31485897bc92,1.3.6.1.4.1.14519.5.2.1.3344.2526.498284092241460132267051425544.zip,LGG-1p19qDeletion,LGG-563,SEG,500150,https://www.cancerimagingarchive.net/wp-content/uploads/GC_manifest_LGG-1p19qDeletion_20260326.csv
drs://nci-crdc.datacommons.io/dg.4DFC/f1cd2c8c-493f-55df-a827-762752b1b330,1.3.6.1.4.1.14519.5.2.1.3344.2526.499210540851810986975445427320.zip,LGG-1p19qDeletion,LGG-492,MR,8041320,https://www.cancerimagingarchive.net/wp-content/uploads/GC_manifest_LGG-1p19qDeletion_20260326.csv
drs://nci-crdc.datacommons.io/dg.4DFC/4bd29a3e-48f5-577a-8091-6ed0880c3504,1.3.6.1.4.1.14519.5.2.1.3344.2526.505189732610738275557874812947.zip,LGG-1p19qDeletion,LGG-570,MR,6965460,https://www.cancerimagingarchive.net/wp-content/uploads/GC_manifest_LGG-1p19qDeletion_20260326.csv
drs://nci-crdc.datacommons.io/dg.4DFC/c48d1b99-78e0-5a1b-90d8-44337e3172d5,1.3.6.1.4.1.14519.5.2.1.3344.2526.509314218021039825861534888881.zip,LGG-1p19qDeletion,LGG-594,SEG,526938,https://www.cancerimagingarchive.net/wp-content/uploads/GC_manifest_LGG-1p19qDeletion_20260326.csv
drs://nci-crdc.datacommons.io/dg.4DFC/8d1d1bc7-7eaf-58d4-a842-ef719fea2009,1.3.6.1.4.1.14519.5.2.1.3344.2526.514990711034255426996676300370.zip,LGG-1p19qDeletion,LGG-313,MR,8027484,https://www.cancerimagingarchive.net/wp-content/uploads/GC_manifest_LGG-1p19qDeletion_20260326.csv
drs://nci-crdc.datacommons.io/dg.4DFC/52467955-1d97-592a-9b6c-c73723c4a9a8,1.3.6.1.4.1.14519.5.2.1.3344.2526.522316118227295855054324300842.zip,LGG-1p19qDeletion,LGG-334,MR,4822282,https://www.cancerimagingarchive.net/wp-content/uploads/GC_manifest_LGG-1p19qDeletion_20260326.csv
drs://nci-crdc.datacommons.io/dg.4DFC/5545efc3-7c0b-51b5-849b-c1c049656981,1.3.6.1.4.1.14519.5.2.1.3344.2526.525732659211971317293926095406.zip,LGG-1p19qDeletion,LGG-582,MR,8035200,https://www.cancerimagingarchive.net/wp-content/uploads/GC_manifest_LGG-1p19qDeletion_20260326.csv
drs://nci-crdc.datacommons.io/dg.4DFC/9f263b35-409b-5ca7-a7bb-7c2af7d6757f,1.3.6.1.4.1.14519.5.2.1.3344.2526.533243955352183882445647219191.zip,LGG-1p19qDeletion,LGG-282,SEG,535728,https://www.cancerimagingarchive.net/wp-content/uploads/GC_manifest_LGG-1p19qDeletion_20260326.csv
drs://nci-crdc.datacommons.io/dg.4DFC/d48ab840-6f2a-5594-af17-41440e3d58d7,1.3.6.1.4.1.14519.5.2.1.3344.2526.538012610416840396044058839696.zip,LGG-1p19qDeletion,LGG-612,MR,7234538,https://www.cancerimagingarchive.net/wp-content/uploads/GC_manifest_LGG-1p19qDeletion_20260326.csv
drs://nci-crdc.datacommons.io/dg.4DFC/9f55af72-f9f1-51df-b7aa-0d0ae1319be7,1.3.6.1.4.1.14519.5.2.1.3344.2526.541685274550311952500860530107.zip,LGG-1p19qDeletion,LGG-624,SEG,464696,https://www.cancerimagingarchive.net/wp-content/uploads/GC_manifest_LGG-1p19qDeletion_20260326.csv
drs://nci-crdc.datacommons.io/dg.4DFC/df54c7ac-a97f-5ec6-bb68-68a5ccd26f19,1.3.6.1.4.1.14519.5.2.1.3344.2526.544656059040217568687965533225.zip,LGG-1p19qDeletion,LGG-330,MR,7372514,https://www.cancerimagingarchive.net/wp-content/uploads/GC_manifest_LGG-1p19qDeletion_20260326.csv
drs://nci-crdc.datacommons.io/dg.4DFC/5732bfe7-d44c-519f-bc05-b7db50cc3bac,1.3.6.1.4.1.14519.5.2.1.3344.2526.554602825984060770187088107582.zip,LGG-1p19qDeletion,LGG-345,MR,8036476,https://www.cancerimagingarchive.net/wp-content/uploads/GC_manifest_LGG-1p19qDeletion_20260326.csv
drs://nci-crdc.datacommons.io/dg.4DFC/0a99ed40-98a3-5dd2-a41f-5f80070243b7,1.3.6.1.4.1.14519.5.2.1.3344.2526.558674289506093322617190348542.zip,LGG-1p19qDeletion,LGG-648,MR,8036212,https://www.cancerimagingarchive.net/wp-content/uploads/GC_manifest_LGG-1p19qDeletion_20260326.csv
drs://nci-crdc.datacommons.io/dg.4DFC/f69422e1-a123-5f2e-be75-32153662d2f2,1.3.6.1.4.1.14519.5.2.1.3344.2526.574856558245686026174000185252.zip,LGG-1p19qDeletion,LGG-286,MR,8039382,https://www.cancerimagingarchive.net/wp-content/uploads/GC_manifest_LGG-1p19qDeletion_20260326.csv
drs://nci-crdc.datacommons.io/dg.4DFC/c2d08653-fcf5-557c-8197-c39970665639,1.3.6.1.4.1.14519.5.2.1.3344.2526.590560541318178203399638385350.zip,LGG-1p19qDeletion,LGG-218,SEG,517942,https://www.cancerimagingarchive.net/wp-content/uploads/GC_manifest_LGG-1p19qDeletion_20260326.csv
drs://nci-crdc.datacommons.io/dg.4DFC/6f4271e8-03cc-5f66-abe2-1af4fb9bd994,1.3.6.1.4.1.14519.5.2.1.3344.2526.602215541959274826151291876698.zip,LGG-1p19qDeletion,LGG-625,MR,8038080,https://www.cancerimagingarchive.net/wp-content/uploads/GC_manifest_LGG-1p19qDeletion_20260326.csv
drs://nci-crdc.datacommons.io/dg.4DFC/184e16da-e62d-5851-8850-d10b6c52452d,1.3.6.1.4.1.14519.5.2.1.3344.2526.611306181796278879470801815689.zip,LGG-1p19qDeletion,LGG-269,MR,5361912,https://www.cancerimagingarchive.net/wp-content/uploads/GC_manifest_LGG-1p19qDeletion_20260326.csv
drs://nci-crdc.datacommons.io/dg.4DFC/e5af1521-93cd-5eb8-935b-3c787fc92770,1.3.6.1.4.1.14519.5.2.1.3344.2526.616883167295171588874342426736.zip,LGG-1p19qDeletion,LGG-274,SEG,500148,https://www.cancerimagingarchive.net/wp-content/uploads/GC_manifest_LGG-1p19qDeletion_20260326.csv
drs://nci-crdc.datacommons.io/dg.4DFC/d89341fe-484f-5bc4-9c91-fb04324ac793,1.3.6.1.4.1.14519.5.2.1.3344.2526.625750190353822782072040485203.zip,LGG-1p19qDeletion,LGG-308,SEG,184948,https://www.cancerimagingarchive.net/wp-content/uploads/GC_manifest_LGG-1p19qDeletion_20260326.csv
drs://nci-crdc.datacommons.io/dg.4DFC/3593586e-6b65-5b51-a46f-85ed5f33bd00,1.3.6.1.4.1.14519.5.2.1.3344.2526.626807609280715639835891442191.zip,LGG-1p19qDeletion,LGG-357,MR,8026122,https://www.cancerimagingarchive.net/wp-content/uploads/GC_manifest_LGG-1p19qDeletion_20260326.csv
drs://nci-crdc.datacommons.io/dg.4DFC/91f2b267-141a-5cd0-b640-ca88dd94f2ec,1.3.6.1.4.1.14519.5.2.1.3344.2526.634870616969421177290881985362.zip,LGG-1p19qDeletion,LGG-766,MR,133992,https://www.cancerimagingarchive.net/wp-content/uploads/GC_manifest_LGG-1p19qDeletion_20260326.csv
drs://nci-crdc.datacommons.io/dg.4DFC/ba9ab1f2-9572-5ee9-989f-a82e032b877d,1.3.6.1.4.1.14519.5.2.1.3344.2526.641668975271574884290627862002.zip,LGG-1p19qDeletion,LGG-104,MR,8036760,https://www.cancerimagingarchive.net/wp-content/uploads/GC_manifest_LGG-1p19qDeletion_20260326.csv
drs://nci-crdc.datacommons.io/dg.4DFC/5e8ae5ed-0a35-588c-87c1-5c9015f00d83,1.3.6.1.4.1.14519.5.2.1.3344.2526.650741851611881245598273044751.zip,LGG-1p19qDeletion,LGG-313,SEG,455742,https://www.cancerimagingarchive.net/wp-content/uploads/GC_manifest_LGG-1p19qDeletion_20260326.csv
drs://nci-crdc.datacommons.io/dg.4DFC/d45e2cad-7fbf-5259-808e-06600ea39c9d,1.3.6.1.4.1.14519.5.2.1.3344.2526.654045058189427369162839845561.zip,LGG-1p19qDeletion,LGG-297,MR,5360336,https://www.cancerimagingarchive.net/wp-content/uploads/GC_manifest_LGG-1p19qDeletion_20260326.csv
drs://nci-crdc.datacommons.io/dg.4DFC/480ac5f2-8fc4-5912-ba8a-311af5b52a9c,1.3.6.1.4.1.14519.5.2.1.3344.2526.665031140621164073187245690189.zip,LGG-1p19qDeletion,LGG-506,MR,8034294,https://www.cancerimagingarchive.net/wp-content/uploads/GC_manifest_LGG-1p19qDeletion_20260326.csv
drs://nci-crdc.datacommons.io/dg.4DFC/68b6bc27-5860-5cc4-8817-a040f672ffd9,1.3.6.1.4.1.14519.5.2.1.3344.2526.666556016372121672154597349264.zip,LGG-1p19qDeletion,LGG-326,MR,16866380,https://www.cancerimagingarchive.net/wp-content/uploads/GC_manifest_LGG-1p19qDeletion_20260326.csv
drs://nci-crdc.datacommons.io/dg.4DFC/74adb57e-d9b9-55b9-9da4-62a721b101e7,1.3.6.1.4.1.14519.5.2.1.3344.2526.668155713076798897596982769893.zip,LGG-1p19qDeletion,LGG-581,MR,7502884,https://www.cancerimagingarchive.net/wp-content/uploads/GC_manifest_LGG-1p19qDeletion_20260326.csv
drs://nci-crdc.datacommons.io/dg.4DFC/626dd429-f6df-5f5b-8fd5-b7dcdae3e5d7,1.3.6.1.4.1.14519.5.2.1.3344.2526.668680937548204209679243877825.zip,LGG-1p19qDeletion,LGG-766,MR,11257034,https://www.cancerimagingarchive.net/wp-content/uploads/GC_manifest_LGG-1p19qDeletion_20260326.csv
drs://nci-crdc.datacommons.io/dg.4DFC/7e0d95a4-492a-5452-849c-78cc7032c5ba,1.3.6.1.4.1.14519.5.2.1.3344.2526.672753157927498411486103961020.zip,LGG-1p19qDeletion,LGG-626,MR,31632456,https://www.cancerimagingarchive.net/wp-content/uploads/GC_manifest_LGG-1p19qDeletion_20260326.csv
drs://nci-crdc.datacommons.io/dg.4DFC/7574d93c-c136-5693-8f5f-5d43b4b9ea91,1.3.6.1.4.1.14519.5.2.1.3344.2526.676303230638967463682071932496.zip,LGG-1p19qDeletion,LGG-380,MR,8036284,https://www.cancerimagingarchive.net/wp-content/uploads/GC_manifest_LGG-1p19qDeletion_20260326.csv
drs://nci-crdc.datacommons.io/dg.4DFC/772d6560-d9a0-5c8d-92d9-645c47a28d34,1.3.6.1.4.1.14519.5.2.1.3344.2526.682581218411727360412106031089.zip,LGG-1p19qDeletion,LGG-223,SEG,322420,https://www.cancerimagingarchive.net/wp-content/uploads/GC_manifest_LGG-1p19qDeletion_20260326.csv
drs://nci-crdc.datacommons.io/dg.4DFC/14559875-8801-5680-9aa8-dc88163fb9ab,1.3.6.1.4.1.14519.5.2.1.3344.2526.692066999144879186034442401119.zip,LGG-1p19qDeletion,LGG-394,SEG,482382,https://www.cancerimagingarchive.net/wp-content/uploads/GC_manifest_LGG-1p19qDeletion_20260326.csv
drs://nci-crdc.datacommons.io/dg.4DFC/c767d779-3325-5acc-bf7c-748bc88c7b28,1.3.6.1.4.1.14519.5.2.1.3344.2526.701976260699370088304684253671.zip,LGG-1p19qDeletion,LGG-360,MR,8025712,https://www.cancerimagingarchive.net/wp-content/uploads/GC_manifest_LGG-1p19qDeletion_20260326.csv
drs://nci-crdc.datacommons.io/dg.4DFC/74f63e19-0c1b-507c-986d-25d5950b0f18,1.3.6.1.4.1.14519.5.2.1.3344.2526.704983672977942572240350160167.zip,LGG-1p19qDeletion,LGG-304,MR,2676882,https://www.cancerimagingarchive.net/wp-content/uploads/GC_manifest_LGG-1p19qDeletion_20260326.csv
drs://nci-crdc.datacommons.io/dg.4DFC/4b8228e0-4be3-590f-ae1a-165f4b4fff74,1.3.6.1.4.1.14519.5.2.1.3344.2526.708927457240049345960349213628.zip,LGG-1p19qDeletion,LGG-261,MR,6690824,https://www.cancerimagingarchive.net/wp-content/uploads/GC_manifest_LGG-1p19qDeletion_20260326.csv
drs://nci-crdc.datacommons.io/dg.4DFC/3f43fca8-b22b-55d3-92d7-5cb82f8ca3b1,1.3.6.1.4.1.14519.5.2.1.3344.2526.708958209838180780199943855952.zip,LGG-1p19qDeletion,LGG-210,SEG,184952,https://www.cancerimagingarchive.net/wp-content/uploads/GC_manifest_LGG-1p19qDeletion_20260326.csv
drs://nci-crdc.datacommons.io/dg.4DFC/3d0f38ea-e189-5119-9837-c8e88cad9ec2,1.3.6.1.4.1.14519.5.2.1.3344.2526.708982558047775384676717689437.zip,LGG-1p19qDeletion,LGG-229,MR,5359748,https://www.cancerimagingarchive.net/wp-content/uploads/GC_manifest_LGG-1p19qDeletion_20260326.csv
drs://nci-crdc.datacommons.io/dg.4DFC/6bdcdb9f-ed56-5c85-b904-80d0a3d3927f,1.3.6.1.4.1.14519.5.2.1.3344.2526.712735395766164579826466448567.zip,LGG-1p19qDeletion,LGG-648,MR,7503216,https://www.cancerimagingarchive.net/wp-content/uploads/GC_manifest_LGG-1p19qDeletion_20260326.csv
drs://nci-crdc.datacommons.io/dg.4DFC/3e244c0c-5c45-54e1-89c0-c25d87950357,1.3.6.1.4.1.14519.5.2.1.3344.2526.714562396176357391358563698732.zip,LGG-1p19qDeletion,LGG-341,MR,8027150,https://www.cancerimagingarchive.net/wp-content/uploads/GC_manifest_LGG-1p19qDeletion_20260326.csv
drs://nci-crdc.datacommons.io/dg.4DFC/254f33fc-e74f-5de4-a06a-7bf260ff3c32,1.3.6.1.4.1.14519.5.2.1.3344.2526.719253287936840586395150426237.zip,LGG-1p19qDeletion,LGG-520,MR,7769956,https://www.cancerimagingarchive.net/wp-content/uploads/GC_manifest_LGG-1p19qDeletion_20260326.csv
drs://nci-crdc.datacommons.io/dg.4DFC/81f77bf2-7136-5c85-8b0c-c17b1c5961bf,1.3.6.1.4.1.14519.5.2.1.3344.2526.731727388794172480713457884115.zip,LGG-1p19qDeletion,LGG-601,MR,8034052,https://www.cancerimagingarchive.net/wp-content/uploads/GC_manifest_LGG-1p19qDeletion_20260326.csv
drs://nci-crdc.datacommons.io/dg.4DFC/b6745c95-693a-50de-895c-748fc4d5107c,1.3.6.1.4.1.14519.5.2.1.3344.2526.738317359473240661034647178806.zip,LGG-1p19qDeletion,LGG-572,MR,7234380,https://www.cancerimagingarchive.net/wp-content/uploads/GC_manifest_LGG-1p19qDeletion_20260326.csv
drs://nci-crdc.datacommons.io/dg.4DFC/a6ba3305-4351-532f-a5b0-2fe11e133fcc,1.3.6.1.4.1.14519.5.2.1.3344.2526.738895339805656009712941847416.zip,LGG-1p19qDeletion,LGG-631,MR,8035434,https://www.cancerimagingarchive.net/wp-content/uploads/GC_manifest_LGG-1p19qDeletion_20260326.csv
drs://nci-crdc.datacommons.io/dg.4DFC/ebeb7fc4-6d7f-525a-9631-a73774d5e9f5,1.3.6.1.4.1.14519.5.2.1.3344.2526.740239031086950538298763306503.zip,LGG-1p19qDeletion,LGG-346,SEG,535716,https://www.cancerimagingarchive.net/wp-content/uploads/GC_manifest_LGG-1p19qDeletion_20260326.csv
drs://nci-crdc.datacommons.io/dg.4DFC/fa1d0112-ad7b-5713-9e77-4823b86505c4,1.3.6.1.4.1.14519.5.2.1.3344.2526.742500845712980320971941506956.zip,LGG-1p19qDeletion,LGG-351,MR,7224658,https://www.cancerimagingarchive.net/wp-content/uploads/GC_manifest_LGG-1p19qDeletion_20260326.csv
drs://nci-crdc.datacommons.io/dg.4DFC/0db171c9-a9c6-566e-9c95-1ea785654ddc,1.3.6.1.4.1.14519.5.2.1.3344.2526.743666698321083008387916180116.zip,LGG-1p19qDeletion,LGG-219,MR,2676036,https://www.cancerimagingarchive.net/wp-content/uploads/GC_manifest_LGG-1p19qDeletion_20260326.csv
drs://nci-crdc.datacommons.io/dg.4DFC/7b27546c-7dbb-5a6a-b009-cce8ab9a227f,1.3.6.1.4.1.14519.5.2.1.3344.2526.747352298337701732793570312388.zip,LGG-1p19qDeletion,LGG-310,SEG,269110,https://www.cancerimagingarchive.net/wp-content/uploads/GC_manifest_LGG-1p19qDeletion_20260326.csv
drs://nci-crdc.datacommons.io/dg.4DFC/cc262395-f5c8-59cf-aacf-cfee95225857,1.3.6.1.4.1.14519.5.2.1.3344.2526.751855230320049589560890195675.zip,LGG-1p19qDeletion,LGG-343,SEG,464644,https://www.cancerimagingarchive.net/wp-content/uploads/GC_manifest_LGG-1p19qDeletion_20260326.csv
drs://nci-crdc.datacommons.io/dg.4DFC/7d358b2d-887e-54c1-adb8-d60b546f59dc,1.3.6.1.4.1.14519.5.2.1.3344.2526.759150835852949846576621465898.zip,LGG-1p19qDeletion,LGG-632,MR,8035136,https://www.cancerimagingarchive.net/wp-content/uploads/GC_manifest_LGG-1p19qDeletion_20260326.csv
drs://nci-crdc.datacommons.io/dg.4DFC/48ccd73f-fff4-51ed-90a6-fb32dea67125,1.3.6.1.4.1.14519.5.2.1.3344.2526.759866716330555907821255031895.zip,LGG-1p19qDeletion,LGG-249,SEG,535698,https://www.cancerimagingarchive.net/wp-content/uploads/GC_manifest_LGG-1p19qDeletion_20260326.csv
drs://nci-crdc.datacommons.io/dg.4DFC/0b119a24-f891-50df-b5a1-cce5fa084cf9,1.3.6.1.4.1.14519.5.2.1.3344.2526.762534108982695019676496901393.zip,LGG-1p19qDeletion,LGG-594,MR,8035800,https://www.cancerimagingarchive.net/wp-content/uploads/GC_manifest_LGG-1p19qDeletion_20260326.csv
drs://nci-crdc.datacommons.io/dg.4DFC/d9b0f848-50d0-59fc-9b35-d348ceb7e46b,1.3.6.1.4.1.14519.5.2.1.3344.2526.775386008188927847336967160277.zip,LGG-1p19qDeletion,LGG-565,SEG,482400,https://www.cancerimagingarchive.net/wp-content/uploads/GC_manifest_LGG-1p19qDeletion_20260326.csv
drs://nci-crdc.datacommons.io/dg.4DFC/696172cd-c966-50d0-82b7-2a4072fd0894,1.3.6.1.4.1.14519.5.2.1.3344.2526.781966814029715811687385602425.zip,LGG-1p19qDeletion,LGG-591,SEG,464700,https://www.cancerimagingarchive.net/wp-content/uploads/GC_manifest_LGG-1p19qDeletion_20260326.csv
drs://nci-crdc.datacommons.io/dg.4DFC/5bb4dfcb-10c2-549e-b8ca-d7213e37d6fc,1.3.6.1.4.1.14519.5.2.1.3344.2526.782160572552715671529097663379.zip,LGG-1p19qDeletion,LGG-223,MR,4818322,https://www.cancerimagingarchive.net/wp-content/uploads/GC_manifest_LGG-1p19qDeletion_20260326.csv
drs://nci-crdc.datacommons.io/dg.4DFC/e928c083-550a-5d0a-a31b-136187f56207,1.3.6.1.4.1.14519.5.2.1.3344.2526.795301787582022364261158448410.zip,LGG-1p19qDeletion,LGG-500,MR,8039760,https://www.cancerimagingarchive.net/wp-content/uploads/GC_manifest_LGG-1p19qDeletion_20260326.csv
drs://nci-crdc.datacommons.io/dg.4DFC/91d04e06-0894-5c44-a0d7-a0bc49b7e108,1.3.6.1.4.1.14519.5.2.1.3344.2526.811112052130981257862430373644.zip,LGG-1p19qDeletion,LGG-321,MR,6429828,https://www.cancerimagingarchive.net/wp-content/uploads/GC_manifest_LGG-1p19qDeletion_20260326.csv
drs://nci-crdc.datacommons.io/dg.4DFC/30ac496f-6406-56f3-8b07-9b7909fac3a6,1.3.6.1.4.1.14519.5.2.1.3344.2526.813632650710996209081877745814.zip,LGG-1p19qDeletion,LGG-219,MR,5351592,https://www.cancerimagingarchive.net/wp-content/uploads/GC_manifest_LGG-1p19qDeletion_20260326.csv
drs://nci-crdc.datacommons.io/dg.4DFC/e9470da2-34a2-552a-afd0-33685c32c073,1.3.6.1.4.1.14519.5.2.1.3344.2526.819284627294374097508743750105.zip,LGG-1p19qDeletion,LGG-234,MR,26260674,https://www.cancerimagingarchive.net/wp-content/uploads/GC_manifest_LGG-1p19qDeletion_20260326.csv
drs://nci-crdc.datacommons.io/dg.4DFC/5ab6580e-53cb-5237-8fd4-73727eda40be,1.3.6.1.4.1.14519.5.2.1.3344.2526.823237614550924300126851021214.zip,LGG-1p19qDeletion,LGG-658,MR,42182920,https://www.cancerimagingarchive.net/wp-content/uploads/GC_manifest_LGG-1p19qDeletion_20260326.csv
drs://nci-crdc.datacommons.io/dg.4DFC/1178fccb-9b89-5019-b24f-2fc0dda3fdc0,1.3.6.1.4.1.14519.5.2.1.3344.2526.841011936411954467599126063730.zip,LGG-1p19qDeletion,LGG-658,MR,17875680,https://www.cancerimagingarchive.net/wp-content/uploads/GC_manifest_LGG-1p19qDeletion_20260326.csv
drs://nci-crdc.datacommons.io/dg.4DFC/b44ce394-1d7c-5948-a6bb-4bdff69a9847,1.3.6.1.4.1.14519.5.2.1.3344.2526.841016619493258674557567157339.zip,LGG-1p19qDeletion,LGG-395,MR,8041320,https://www.cancerimagingarchive.net/wp-content/uploads/GC_manifest_LGG-1p19qDeletion_20260326.csv
drs://nci-crdc.datacommons.io/dg.4DFC/b8a629f9-73f4-52b0-b17e-262a6e6affd2,1.3.6.1.4.1.14519.5.2.1.3344.2526.855146139276007249011145918280.zip,LGG-1p19qDeletion,LGG-648,SEG,500254,https://www.cancerimagingarchive.net/wp-content/uploads/GC_manifest_LGG-1p19qDeletion_20260326.csv
drs://nci-crdc.datacommons.io/dg.4DFC/76e2eca0-f700-50ad-81bf-72db5916d536,1.3.6.1.4.1.14519.5.2.1.3344.2526.862909850308273026233823852608.zip,LGG-1p19qDeletion,LGG-288,MR,5359786,https://www.cancerimagingarchive.net/wp-content/uploads/GC_manifest_LGG-1p19qDeletion_20260326.csv
drs://nci-crdc.datacommons.io/dg.4DFC/16fb021d-dfb5-5559-9343-1b991561d6dd,1.3.6.1.4.1.14519.5.2.1.3344.2526.863954129003611656609448702746.zip,LGG-1p19qDeletion,LGG-354,MR,6957184,https://www.cancerimagingarchive.net/wp-content/uploads/GC_manifest_LGG-1p19qDeletion_20260326.csv
drs://nci-crdc.datacommons.io/dg.4DFC/eab5f3f9-6991-526d-ac71-84be8231b225,1.3.6.1.4.1.14519.5.2.1.3344.2526.869627065326069279429436170458.zip,LGG-1p19qDeletion,LGG-307,MR,7234890,https://www.cancerimagingarchive.net/wp-content/uploads/GC_manifest_LGG-1p19qDeletion_20260326.csv
drs://nci-crdc.datacommons.io/dg.4DFC/4093ba13-66c6-56ae-8f15-f699d7eb6ec0,1.3.6.1.4.1.14519.5.2.1.3344.2526.875659643161377840814300268262.zip,LGG-1p19qDeletion,LGG-350,SEG,464626,https://www.cancerimagingarchive.net/wp-content/uploads/GC_manifest_LGG-1p19qDeletion_20260326.csv
drs://nci-crdc.datacommons.io/dg.4DFC/c4c27684-bbf4-5e07-a4d4-c620aebb6f0d,1.3.6.1.4.1.14519.5.2.1.3344.2526.877741165800625483178776164446.zip,LGG-1p19qDeletion,LGG-327,MR,7505088,https://www.cancerimagingarchive.net/wp-content/uploads/GC_manifest_LGG-1p19qDeletion_20260326.csv
drs://nci-crdc.datacommons.io/dg.4DFC/fe2af30c-3812-5c4f-98c2-585a53c8eea7,1.3.6.1.4.1.14519.5.2.1.3344.2526.887621027257005812043434235193.zip,LGG-1p19qDeletion,LGG-532,MR,8038320,https://www.cancerimagingarchive.net/wp-content/uploads/GC_manifest_LGG-1p19qDeletion_20260326.csv
drs://nci-crdc.datacommons.io/dg.4DFC/7a85ce0b-510e-5ec5-bf2c-04772a15dec2,1.3.6.1.4.1.14519.5.2.1.3344.2526.890516882497659760194188236586.zip,LGG-1p19qDeletion,LGG-233,MR,6432276,https://www.cancerimagingarchive.net/wp-content/uploads/GC_manifest_LGG-1p19qDeletion_20260326.csv
drs://nci-crdc.datacommons.io/dg.4DFC/71b82dff-d5bc-50d7-a097-b487c1b80c23,1.3.6.1.4.1.14519.5.2.1.3344.2526.910710310635776873505721756105.zip,LGG-1p19qDeletion,LGG-387,SEG,1207164,https://www.cancerimagingarchive.net/wp-content/uploads/GC_manifest_LGG-1p19qDeletion_20260326.csv
drs://nci-crdc.datacommons.io/dg.4DFC/88158467-1c65-5906-80d6-693e762b7ee1,1.3.6.1.4.1.14519.5.2.1.3344.2526.911864499533528467827151924572.zip,LGG-1p19qDeletion,LGG-231,SEG,535720,https://www.cancerimagingarchive.net/wp-content/uploads/GC_manifest_LGG-1p19qDeletion_20260326.csv
drs://nci-crdc.datacommons.io/dg.4DFC/99044a84-8f02-53ed-8afb-7c9778d57dc4,1.3.6.1.4.1.14519.5.2.1.3344.2526.926026706219454737112986833420.zip,LGG-1p19qDeletion,LGG-642,MR,8036880,https://www.cancerimagingarchive.net/wp-content/uploads/GC_manifest_LGG-1p19qDeletion_20260326.csv
drs://nci-crdc.datacommons.io/dg.4DFC/3980a231-078d-5c71-a3c6-e05432308782,1.3.6.1.4.1.14519.5.2.1.3344.2526.928690976567428833454102332601.zip,LGG-1p19qDeletion,LGG-233,MR,8039196,https://www.cancerimagingarchive.net/wp-content/uploads/GC_manifest_LGG-1p19qDeletion_20260326.csv
drs://nci-crdc.datacommons.io/dg.4DFC/c6b6a8a6-aa1a-54a0-80dc-d5c1f2c3a7b3,1.3.6.1.4.1.14519.5.2.1.3344.2526.934464752225912923884310416683.zip,LGG-1p19qDeletion,LGG-597,MR,8037000,https://www.cancerimagingarchive.net/wp-content/uploads/GC_manifest_LGG-1p19qDeletion_20260326.csv
drs://nci-crdc.datacommons.io/dg.4DFC/d43b5b92-703c-5776-9e7d-7c5adb348b50,1.3.6.1.4.1.14519.5.2.1.3344.2526.936485576561180804384841988974.zip,LGG-1p19qDeletion,LGG-341,SEG,491292,https://www.cancerimagingarchive.net/wp-content/uploads/GC_manifest_LGG-1p19qDeletion_20260326.csv
drs://nci-crdc.datacommons.io/dg.4DFC/f2139147-3a7d-5274-94fd-a723f38e3a2b,1.3.6.1.4.1.14519.5.2.1.3344.2526.937720233519616038967738833941.zip,LGG-1p19qDeletion,LGG-396,MR,8039806,https://www.cancerimagingarchive.net/wp-content/uploads/GC_manifest_LGG-1p19qDeletion_20260326.csv
drs://nci-crdc.datacommons.io/dg.4DFC/b84baf39-1bfa-5a39-b697-f9e2878bf0be,1.3.6.1.4.1.14519.5.2.1.3344.2526.939285071270723552936601049591.zip,LGG-1p19qDeletion,LGG-365,SEG,446832,https://www.cancerimagingarchive.net/wp-content/uploads/GC_manifest_LGG-1p19qDeletion_20260326.csv
drs://nci-crdc.datacommons.io/dg.4DFC/38bde287-e0a0-50b6-8f23-d8836437dc52,1.3.6.1.4.1.14519.5.2.1.3344.2526.951323782468055083422870706180.zip,LGG-1p19qDeletion,LGG-220,MR,6958466,https://www.cancerimagingarchive.net/wp-content/uploads/GC_manifest_LGG-1p19qDeletion_20260326.csv
drs://nci-crdc.datacommons.io/dg.4DFC/b02659b8-c14e-52c6-ae8b-95d1ac1df8d8,1.3.6.1.4.1.14519.5.2.1.3344.2526.956227964466388094160494768672.zip,LGG-1p19qDeletion,LGG-325,MR,2676908,https://www.cancerimagingarchive.net/wp-content/uploads/GC_manifest_LGG-1p19qDeletion_20260326.csv
drs://nci-crdc.datacommons.io/dg.4DFC/d6335049-ca01-5509-80fb-654b80eadc29,1.3.6.1.4.1.14519.5.2.1.3344.2526.960063539065773365399993056373.zip,LGG-1p19qDeletion,LGG-525,MR,7235554,https://www.cancerimagingarchive.net/wp-content/uploads/GC_manifest_LGG-1p19qDeletion_20260326.csv
drs://nci-crdc.datacommons.io/dg.4DFC/b22f1d57-20a2-586a-9a4a-22f03418796e,1.3.6.1.4.1.14519.5.2.1.3344.2526.977358612007386897034239707206.zip,LGG-1p19qDeletion,LGG-590,MR,8039752,https://www.cancerimagingarchive.net/wp-content/uploads/GC_manifest_LGG-1p19qDeletion_20260326.csv
drs://nci-crdc.datacommons.io/dg.4DFC/7631191a-8f36-5993-b8e0-64ae28134551,1.3.6.1.4.1.14519.5.2.1.3344.2526.979023994511458157368485220496.zip,LGG-1p19qDeletion,LGG-383,SEG,535696,https://www.cancerimagingarchive.net/wp-content/uploads/GC_manifest_LGG-1p19qDeletion_20260326.csv
drs://nci-crdc.datacommons.io/dg.4DFC/cea691a7-4750-5c21-9cb2-1347b71f8617,1.3.6.1.4.1.14519.5.2.1.3344.2526.988496401712454369904439827747.zip,LGG-1p19qDeletion,LGG-647,SEG,518074,https://www.cancerimagingarchive.net/wp-content/uploads/GC_manifest_LGG-1p19qDeletion_20260326.csv
drs://nci-crdc.datacommons.io/dg.4DFC/3c6e25bb-8a9c-5fbf-ada5-827afbe95bd6,1.3.6.1.4.1.14519.5.2.1.3344.2526.992035286500965521382448462035.zip,LGG-1p19qDeletion,LGG-260,MR,8034286,https://www.cancerimagingarchive.net/wp-content/uploads/GC_manifest_LGG-1p19qDeletion_20260326.csv
drs://nci-crdc.datacommons.io/dg.4DFC/fc37639e-00f0-5e88-b2be-d167ec3a66a1,1.3.6.1.4.1.14519.5.2.1.3344.2526.992315840908096325276428239355.zip,LGG-1p19qDeletion,LGG-634,SEG,464620,https://www.cancerimagingarchive.net/wp-content/uploads/GC_manifest_LGG-1p19qDeletion_20260326.csv
drs://nci-crdc.datacommons.io/dg.4DFC/1ee7d210-5dd0-5b0e-a58d-aa54058f2bfc,1.3.6.1.4.1.14519.5.2.1.3344.2526.992586235564308578845992785752.zip,LGG-1p19qDeletion,LGG-558,SEG,429050,https://www.cancerimagingarchive.net/wp-content/uploads/GC_manifest_LGG-1p19qDeletion_20260326.csv
drs://nci-crdc.datacommons.io/dg.4DFC/2eecd0eb-b9b4-5067-b91c-14e06375bd97,1.3.6.1.4.1.14519.5.2.1.3344.2526.998306279692608781018567243297.zip,LGG-1p19qDeletion,LGG-297,SEG,184950,https://www.cancerimagingarchive.net/wp-content/uploads/GC_manifest_LGG-1p19qDeletion_20260326.csv
drs://nci-crdc.datacommons.io/dg.4DFC/241b2147-68be-5c17-a40a-979ae669bfa3,1.3.6.1.4.1.14519.5.2.1.3344.2526.101180305838277592979855147027.zip,LGG-1p19qDeletion,LGG-306,SEG,500234,https://www.cancerimagingarchive.net/wp-content/uploads/GC_manifest_LGG-1p19qDeletion_20260326_SEGonly.csv
drs://nci-crdc.datacommons.io/dg.4DFC/4912af55-3672-5ddb-8672-b2caafe72e8c,1.3.6.1.4.1.14519.5.2.1.3344.2526.101497189378748386042753908059.zip,LGG-1p19qDeletion,LGG-550,SEG,482390,https://www.cancerimagingarchive.net/wp-content/uploads/GC_manifest_LGG-1p19qDeletion_20260326_SEGonly.csv
drs://nci-crdc.datacommons.io/dg.4DFC/f40fd329-2690-5593-928c-2de7060612f8,1.3.6.1.4.1.14519.5.2.1.3344.2526.101570158187490517760748776506.zip,LGG-1p19qDeletion,LGG-552,SEG,535722,https://www.cancerimagingarchive.net/wp-content/uploads/GC_manifest_LGG-1p19qDeletion_20260326_SEGonly.csv
drs://nci-crdc.datacommons.io/dg.4DFC/43bfe90e-d95f-5fc5-8e20-0b7bdfa1cefa,1.3.6.1.4.1.14519.5.2.1.3344.2526.102037611422262815925848606448.zip,LGG-1p19qDeletion,LGG-660,SEG,482446,https://www.cancerimagingarchive.net/wp-content/uploads/GC_manifest_LGG-1p19qDeletion_20260326_SEGonly.csv
drs://nci-crdc.datacommons.io/dg.4DFC/203abaf7-8824-57ab-89ff-7e0583de7b50,1.3.6.1.4.1.14519.5.2.1.3344.2526.102168507811389185926969791084.zip,LGG-1p19qDeletion,LGG-333,SEG,535728,https://www.cancerimagingarchive.net/wp-content/uploads/GC_manifest_LGG-1p19qDeletion_20260326_SEGonly.csv
drs://nci-crdc.datacommons.io/dg.4DFC/5cd0996d-00a2-5190-8786-85a2063766c0,1.3.6.1.4.1.14519.5.2.1.3344.2526.109412110237907267942627646418.zip,LGG-1p19qDeletion,LGG-220,SEG,464620,https://www.cancerimagingarchive.net/wp-content/uploads/GC_manifest_LGG-1p19qDeletion_20260326_SEGonly.csv
drs://nci-crdc.datacommons.io/dg.4DFC/1883f91c-5fa7-5287-92a4-8008395e0fcb,1.3.6.1.4.1.14519.5.2.1.3344.2526.111842483360865954350172575999.zip,LGG-1p19qDeletion,LGG-203,SEG,429068,https://www.cancerimagingarchive.net/wp-content/uploads/GC_manifest_LGG-1p19qDeletion_20260326_SEGonly.csv
drs://nci-crdc.datacommons.io/dg.4DFC/e8f9ad4b-5e74-5489-b813-298257daa9b8,1.3.6.1.4.1.14519.5.2.1.3344.2526.116412610790450181585937428396.zip,LGG-1p19qDeletion,LGG-367,SEG,322430,https://www.cancerimagingarchive.net/wp-content/uploads/GC_manifest_LGG-1p19qDeletion_20260326_SEGonly.csv
drs://nci-crdc.datacommons.io/dg.4DFC/ea8b99f9-30a6-5520-aa1b-356abe79735d,1.3.6.1.4.1.14519.5.2.1.3344.2526.116772353088915547105101048366.zip,LGG-1p19qDeletion,LGG-600,SEG,500252,https://www.cancerimagingarchive.net/wp-content/uploads/GC_manifest_LGG-1p19qDeletion_20260326_SEGonly.csv
drs://nci-crdc.datacommons.io/dg.4DFC/4489b49c-2731-5a16-89da-a33543c331bf,1.3.6.1.4.1.14519.5.2.1.3344.2526.117525657089186890822620649968.zip,LGG-1p19qDeletion,LGG-637,SEG,473600,https://www.cancerimagingarchive.net/wp-content/uploads/GC_manifest_LGG-1p19qDeletion_20260326_SEGonly.csv
drs://nci-crdc.datacommons.io/dg.4DFC/c1651078-fb62-55b5-9a37-bd94c1d5982f,1.3.6.1.4.1.14519.5.2.1.3344.2526.118268460588042025264579967454.zip,LGG-1p19qDeletion,LGG-613,SEG,535698,https://www.cancerimagingarchive.net/wp-content/uploads/GC_manifest_LGG-1p19qDeletion_20260326_SEGonly.csv
drs://nci-crdc.datacommons.io/dg.4DFC/20f5c68f-ec36-5897-bf07-b215842fd26f,1.3.6.1.4.1.14519.5.2.1.3344.2526.118329235813329947464809046004.zip,LGG-1p19qDeletion,LGG-273,SEG,184952,https://www.cancerimagingarchive.net/wp-content/uploads/GC_manifest_LGG-1p19qDeletion_20260326_SEGonly.csv
drs://nci-crdc.datacommons.io/dg.4DFC/c6e31cf5-0916-5dfe-88b2-3f166068f340,1.3.6.1.4.1.14519.5.2.1.3344.2526.118650506922295677241843083157.zip,LGG-1p19qDeletion,LGG-532,SEG,517926,https://www.cancerimagingarchive.net/wp-content/uploads/GC_manifest_LGG-1p19qDeletion_20260326_SEGonly.csv
drs://nci-crdc.datacommons.io/dg.4DFC/556620a6-934f-530a-b0a5-027544ce5a41,1.3.6.1.4.1.14519.5.2.1.3344.2526.120078339655661274066182905139.zip,LGG-1p19qDeletion,LGG-307,SEG,482362,https://www.cancerimagingarchive.net/wp-content/uploads/GC_manifest_LGG-1p19qDeletion_20260326_SEGonly.csv
drs://nci-crdc.datacommons.io/dg.4DFC/d10b9858-1bb1-5641-8116-578d7835564b,1.3.6.1.4.1.14519.5.2.1.3344.2526.123742400356695360344104355770.zip,LGG-1p19qDeletion,LGG-216,SEG,340202,https://www.cancerimagingarchive.net/wp-content/uploads/GC_manifest_LGG-1p19qDeletion_20260326_SEGonly.csv
drs://nci-crdc.datacommons.io/dg.4DFC/7ad0b2e0-8603-51de-bf57-5bc1b85be82b,1.3.6.1.4.1.14519.5.2.1.3344.2526.129087392540276035898065690554.zip,LGG-1p19qDeletion,LGG-574,SEG,482388,https://www.cancerimagingarchive.net/wp-content/uploads/GC_manifest_LGG-1p19qDeletion_20260326_SEGonly.csv
drs://nci-crdc.datacommons.io/dg.4DFC/4da740cd-9cae-583d-98b4-b5586f74afbf,1.3.6.1.4.1.14519.5.2.1.3344.2526.129853190522948037997997874764.zip,LGG-1p19qDeletion,LGG-254,SEG,429076,https://www.cancerimagingarchive.net/wp-content/uploads/GC_manifest_LGG-1p19qDeletion_20260326_SEGonly.csv
drs://nci-crdc.datacommons.io/dg.4DFC/478128ca-0667-5a2e-9d6f-0e5df01e5f5f,1.3.6.1.4.1.14519.5.2.1.3344.2526.131373668835708766144826981145.zip,LGG-1p19qDeletion,LGG-590,SEG,535816,https://www.cancerimagingarchive.net/wp-content/uploads/GC_manifest_LGG-1p19qDeletion_20260326_SEGonly.csv
drs://nci-crdc.datacommons.io/dg.4DFC/d9935c65-65cf-5866-9184-fd095f33b4a0,1.3.6.1.4.1.14519.5.2.1.3344.2526.132440476837305482267413086584.zip,LGG-1p19qDeletion,LGG-303,SEG,482402,https://www.cancerimagingarchive.net/wp-content/uploads/GC_manifest_LGG-1p19qDeletion_20260326_SEGonly.csv
drs://nci-crdc.datacommons.io/dg.4DFC/59b409de-29d6-5d7b-a946-d95bd0911212,1.3.6.1.4.1.14519.5.2.1.3344.2526.132693592599056292258751878253.zip,LGG-1p19qDeletion,LGG-545,SEG,464600,https://www.cancerimagingarchive.net/wp-content/uploads/GC_manifest_LGG-1p19qDeletion_20260326_SEGonly.csv
drs://nci-crdc.datacommons.io/dg.4DFC/88576aa0-098f-5cdd-a1ea-36cd82f97b03,1.3.6.1.4.1.14519.5.2.1.3344.2526.134549530987081777066105325569.zip,LGG-1p19qDeletion,LGG-363,SEG,482420,https://www.cancerimagingarchive.net/wp-content/uploads/GC_manifest_LGG-1p19qDeletion_20260326_SEGonly.csv
drs://nci-crdc.datacommons.io/dg.4DFC/dc080f20-5cd2-5ae7-92e3-f54a442167b7,1.3.6.1.4.1.14519.5.2.1.3344.2526.135924329790339771463442600946.zip,LGG-1p19qDeletion,LGG-305,SEG,535714,https://www.cancerimagingarchive.net/wp-content/uploads/GC_manifest_LGG-1p19qDeletion_20260326_SEGonly.csv
drs://nci-crdc.datacommons.io/dg.4DFC/4f732beb-653d-5b2d-9fe7-2f18016b2a49,1.3.6.1.4.1.14519.5.2.1.3344.2526.138956686312368896600561358624.zip,LGG-1p19qDeletion,LGG-277,SEG,184950,https://www.cancerimagingarchive.net/wp-content/uploads/GC_manifest_LGG-1p19qDeletion_20260326_SEGonly.csv
drs://nci-crdc.datacommons.io/dg.4DFC/908b306d-334d-5e9d-9fdb-fa0e6db38da9,1.3.6.1.4.1.14519.5.2.1.3344.2526.139304019698851479716042759009.zip,LGG-1p19qDeletion,LGG-296,SEG,517946,https://www.cancerimagingarchive.net/wp-content/uploads/GC_manifest_LGG-1p19qDeletion_20260326_SEGonly.csv
drs://nci-crdc.datacommons.io/dg.4DFC/2917551b-e9a8-564e-9db3-82b454e0707f,1.3.6.1.4.1.14519.5.2.1.3344.2526.140380659976603464772688776220.zip,LGG-1p19qDeletion,LGG-330,SEG,491300,https://www.cancerimagingarchive.net/wp-content/uploads/GC_manifest_LGG-1p19qDeletion_20260326_SEGonly.csv
drs://nci-crdc.datacommons.io/dg.4DFC/ff4189a0-4a11-5db7-9a43-72288f5d2ea0,1.3.6.1.4.1.14519.5.2.1.3344.2526.143811799495653035361273520724.zip,LGG-1p19qDeletion,LGG-374,SEG,482394,https://www.cancerimagingarchive.net/wp-content/uploads/GC_manifest_LGG-1p19qDeletion_20260326_SEGonly.csv
drs://nci-crdc.datacommons.io/dg.4DFC/9aeb7b85-08ba-5f52-ab9d-a1cfc3ff4c1d,1.3.6.1.4.1.14519.5.2.1.3344.2526.149953516953991546474867441193.zip,LGG-1p19qDeletion,LGG-581,SEG,500238,https://www.cancerimagingarchive.net/wp-content/uploads/GC_manifest_LGG-1p19qDeletion_20260326_SEGonly.csv
drs://nci-crdc.datacommons.io/dg.4DFC/c639147d-9e47-585e-8d60-6ec2be4b5690,1.3.6.1.4.1.14519.5.2.1.3344.2526.151205142000682740825274291611.zip,LGG-1p19qDeletion,LGG-325,SEG,184946,https://www.cancerimagingarchive.net/wp-content/uploads/GC_manifest_LGG-1p19qDeletion_20260326_SEGonly.csv
drs://nci-crdc.datacommons.io/dg.4DFC/41786409-6476-5f9d-b19b-734f64313daa,1.3.6.1.4.1.14519.5.2.1.3344.2526.156890326880135634783081891085.zip,LGG-1p19qDeletion,LGG-331,SEG,500190,https://www.cancerimagingarchive.net/wp-content/uploads/GC_manifest_LGG-1p19qDeletion_20260326_SEGonly.csv
drs://nci-crdc.datacommons.io/dg.4DFC/22b48bc7-e711-5574-ab8a-106f9fd9a23e,1.3.6.1.4.1.14519.5.2.1.3344.2526.157319135304205098260772852725.zip,LGG-1p19qDeletion,LGG-327,SEG,500192,https://www.cancerimagingarchive.net/wp-content/uploads/GC_manifest_LGG-1p19qDeletion_20260326_SEGonly.csv
drs://nci-crdc.datacommons.io/dg.4DFC/d76d3d14-fe1f-5e92-8df9-2aba025853db,1.3.6.1.4.1.14519.5.2.1.3344.2526.164338891300324941557301676295.zip,LGG-1p19qDeletion,LGG-377,SEG,464700,https://www.cancerimagingarchive.net/wp-content/uploads/GC_manifest_LGG-1p19qDeletion_20260326_SEGonly.csv
drs://nci-crdc.datacommons.io/dg.4DFC/c339b635-f1e2-521d-bce0-49c8912bbc46,1.3.6.1.4.1.14519.5.2.1.3344.2526.167029949122142335520874896182.zip,LGG-1p19qDeletion,LGG-388,SEG,517960,https://www.cancerimagingarchive.net/wp-content/uploads/GC_manifest_LGG-1p19qDeletion_20260326_SEGonly.csv
drs://nci-crdc.datacommons.io/dg.4DFC/46648657-b254-5009-87e3-d44a6bdc0c2f,1.3.6.1.4.1.14519.5.2.1.3344.2526.167068311922870657351407091237.zip,LGG-1p19qDeletion,LGG-375,SEG,500166,https://www.cancerimagingarchive.net/wp-content/uploads/GC_manifest_LGG-1p19qDeletion_20260326_SEGonly.csv
drs://nci-crdc.datacommons.io/dg.4DFC/4c81f8a1-f22e-5609-8c07-faf611f7ec34,1.3.6.1.4.1.14519.5.2.1.3344.2526.167835884090661401078322034488.zip,LGG-1p19qDeletion,LGG-519,SEG,322430,https://www.cancerimagingarchive.net/wp-content/uploads/GC_manifest_LGG-1p19qDeletion_20260326_SEGonly.csv
drs://nci-crdc.datacommons.io/dg.4DFC/2d4d94ab-ca7c-572f-ae31-5aff0c80ee44,1.3.6.1.4.1.14519.5.2.1.3344.2526.168402028227773709224989368127.zip,LGG-1p19qDeletion,LGG-625,SEG,535828,https://www.cancerimagingarchive.net/wp-content/uploads/GC_manifest_LGG-1p19qDeletion_20260326_SEGonly.csv
drs://nci-crdc.datacommons.io/dg.4DFC/a0eaf7c5-e452-5103-8808-8e4f917fe21b,1.3.6.1.4.1.14519.5.2.1.3344.2526.168970267033367187760545833691.zip,LGG-1p19qDeletion,LGG-632,SEG,535798,https://www.cancerimagingarchive.net/wp-content/uploads/GC_manifest_LGG-1p19qDeletion_20260326_SEGonly.csv
drs://nci-crdc.datacommons.io/dg.4DFC/5453d96f-b259-5a71-ab6b-ac16494c8a89,1.3.6.1.4.1.14519.5.2.1.3344.2526.170380115318768753407963390581.zip,LGG-1p19qDeletion,LGG-576,SEG,535708,https://www.cancerimagingarchive.net/wp-content/uploads/GC_manifest_LGG-1p19qDeletion_20260326_SEGonly.csv
drs://nci-crdc.datacommons.io/dg.4DFC/a57f14d3-6039-57ca-8a7d-515e38849e20,1.3.6.1.4.1.14519.5.2.1.3344.2526.174202426481172517837069648062.zip,LGG-1p19qDeletion,LGG-361,SEG,322430,https://www.cancerimagingarchive.net/wp-content/uploads/GC_manifest_LGG-1p19qDeletion_20260326_SEGonly.csv
drs://nci-crdc.datacommons.io/dg.4DFC/5a8ee465-0804-5f4c-8451-9422e0710d03,1.3.6.1.4.1.14519.5.2.1.3344.2526.174292757735337187273410108302.zip,LGG-1p19qDeletion,LGG-537,SEG,500150,https://www.cancerimagingarchive.net/wp-content/uploads/GC_manifest_LGG-1p19qDeletion_20260326_SEGonly.csv
drs://nci-crdc.datacommons.io/dg.4DFC/66b7621c-1160-5b3b-9497-e1d12eae7b63,1.3.6.1.4.1.14519.5.2.1.3344.2526.174872442850602371437165662583.zip,LGG-1p19qDeletion,LGG-280,SEG,446854,https://www.cancerimagingarchive.net/wp-content/uploads/GC_manifest_LGG-1p19qDeletion_20260326_SEGonly.csv
drs://nci-crdc.datacommons.io/dg.4DFC/8ddbf647-2a98-5807-8c8b-b0465dbe51aa,1.3.6.1.4.1.14519.5.2.1.3344.2526.175958217106236919906552936323.zip,LGG-1p19qDeletion,LGG-658,SEG,535852,https://www.cancerimagingarchive.net/wp-content/uploads/GC_manifest_LGG-1p19qDeletion_20260326_SEGonly.csv
drs://nci-crdc.datacommons.io/dg.4DFC/74054572-6dd0-5da8-a2c2-bb82cf70aeb3,1.3.6.1.4.1.14519.5.2.1.3344.2526.178339363376612875665023831144.zip,LGG-1p19qDeletion,LGG-601,SEG,464620,https://www.cancerimagingarchive.net/wp-content/uploads/GC_manifest_LGG-1p19qDeletion_20260326_SEGonly.csv
drs://nci-crdc.datacommons.io/dg.4DFC/e0a54b92-0a12-54cf-9803-4e783828888b,1.3.6.1.4.1.14519.5.2.1.3344.2526.179276500542734033852909211667.zip,LGG-1p19qDeletion,LGG-241,SEG,509048,https://www.cancerimagingarchive.net/wp-content/uploads/GC_manifest_LGG-1p19qDeletion_20260326_SEGonly.csv
drs://nci-crdc.datacommons.io/dg.4DFC/c369967b-317c-5852-b2cb-0d14e2fcf5d0,1.3.6.1.4.1.14519.5.2.1.3344.2526.180572020886454977550714322427.zip,LGG-1p19qDeletion,LGG-355,SEG,500164,https://www.cancerimagingarchive.net/wp-content/uploads/GC_manifest_LGG-1p19qDeletion_20260326_SEGonly.csv
drs://nci-crdc.datacommons.io/dg.4DFC/3842fb71-0916-582c-8aa4-aef8854ae6cb,1.3.6.1.4.1.14519.5.2.1.3344.2526.181978211635424868882911301564.zip,LGG-1p19qDeletion,LGG-620,SEG,526928,https://www.cancerimagingarchive.net/wp-content/uploads/GC_manifest_LGG-1p19qDeletion_20260326_SEGonly.csv
drs://nci-crdc.datacommons.io/dg.4DFC/9a0f9cd0-eedd-5ff5-a979-5a1ddecb76d1,1.3.6.1.4.1.14519.5.2.1.3344.2526.188941083089485602542547828099.zip,LGG-1p19qDeletion,LGG-766,SEG,704666,https://www.cancerimagingarchive.net/wp-content/uploads/GC_manifest_LGG-1p19qDeletion_20260326_SEGonly.csv
drs://nci-crdc.datacommons.io/dg.4DFC/ee1c3811-0c5d-50e5-8462-3f6da2b69502,1.3.6.1.4.1.14519.5.2.1.3344.2526.192100150119568073166288981566.zip,LGG-1p19qDeletion,LGG-587,SEG,535708,https://www.cancerimagingarchive.net/wp-content/uploads/GC_manifest_LGG-1p19qDeletion_20260326_SEGonly.csv
drs://nci-crdc.datacommons.io/dg.4DFC/cec8fa8c-fd2f-5a46-bf87-51d88cfce382,1.3.6.1.4.1.14519.5.2.1.3344.2526.194015603437647881341350579735.zip,LGG-1p19qDeletion,LGG-316,SEG,491278,https://www.cancerimagingarchive.net/wp-content/uploads/GC_manifest_LGG-1p19qDeletion_20260326_SEGonly.csv
drs://nci-crdc.datacommons.io/dg.4DFC/e671a7e0-9f32-5f0b-a40f-ff9fa26d2843,1.3.6.1.4.1.14519.5.2.1.3344.2526.194423778762504358804293536784.zip,LGG-1p19qDeletion,LGG-593,SEG,535770,https://www.cancerimagingarchive.net/wp-content/uploads/GC_manifest_LGG-1p19qDeletion_20260326_SEGonly.csv
drs://nci-crdc.datacommons.io/dg.4DFC/beb5f769-2c0e-581b-941c-30749a772bc5,1.3.6.1.4.1.14519.5.2.1.3344.2526.195554034233324016721041885816.zip,LGG-1p19qDeletion,LGG-263,SEG,500160,https://www.cancerimagingarchive.net/wp-content/uploads/GC_manifest_LGG-1p19qDeletion_20260326_SEGonly.csv
drs://nci-crdc.datacommons.io/dg.4DFC/0548fcbb-b6f0-5520-9dd3-d7bb5dda0a12,1.3.6.1.4.1.14519.5.2.1.3344.2526.195813839086875857387979967980.zip,LGG-1p19qDeletion,LGG-315,SEG,482402,https://www.cancerimagingarchive.net/wp-content/uploads/GC_manifest_LGG-1p19qDeletion_20260326_SEGonly.csv
drs://nci-crdc.datacommons.io/dg.4DFC/3e2c3d4c-8771-5457-b4db-d0c4f57b929a,1.3.6.1.4.1.14519.5.2.1.3344.2526.196875781571094046292232282830.zip,LGG-1p19qDeletion,LGG-639,SEG,446840,https://www.cancerimagingarchive.net/wp-content/uploads/GC_manifest_LGG-1p19qDeletion_20260326_SEGonly.csv
drs://nci-crdc.datacommons.io/dg.4DFC/04332c7e-b510-516f-9b4e-5f1dd4ef8391,1.3.6.1.4.1.14519.5.2.1.3344.2526.197467946372515519336459626318.zip,LGG-1p19qDeletion,LGG-385,SEG,464604,https://www.cancerimagingarchive.net/wp-content/uploads/GC_manifest_LGG-1p19qDeletion_20260326_SEGonly.csv
drs://nci-crdc.datacommons.io/dg.4DFC/77831dcd-e12c-59bd-b6ee-3f6bd52c94ae,1.3.6.1.4.1.14519.5.2.1.3344.2526.203717194680901625993013726919.zip,LGG-1p19qDeletion,LGG-233,SEG,429082,https://www.cancerimagingarchive.net/wp-content/uploads/GC_manifest_LGG-1p19qDeletion_20260326_SEGonly.csv
drs://nci-crdc.datacommons.io/dg.4DFC/0bec8d4f-0feb-5d7e-aadd-4a953bd89803,1.3.6.1.4.1.14519.5.2.1.3344.2526.204214694855338004329120976750.zip,LGG-1p19qDeletion,LGG-561,SEG,482400,https://www.cancerimagingarchive.net/wp-content/uploads/GC_manifest_LGG-1p19qDeletion_20260326_SEGonly.csv
drs://nci-crdc.datacommons.io/dg.4DFC/b45c8b42-2539-5a6d-815e-7c8e7d2d7d45,1.3.6.1.4.1.14519.5.2.1.3344.2526.204656816489629496609799620113.zip,LGG-1p19qDeletion,LGG-506,SEG,535716,https://www.cancerimagingarchive.net/wp-content/uploads/GC_manifest_LGG-1p19qDeletion_20260326_SEGonly.csv
drs://nci-crdc.datacommons.io/dg.4DFC/1d55a466-df2c-5147-9817-25496fc658f3,1.3.6.1.4.1.14519.5.2.1.3344.2526.210649500407713474191799181252.zip,LGG-1p19qDeletion,LGG-609,SEG,535692,https://www.cancerimagingarchive.net/wp-content/uploads/GC_manifest_LGG-1p19qDeletion_20260326_SEGonly.csv
drs://nci-crdc.datacommons.io/dg.4DFC/a8f95aae-80b6-572c-acee-732f7d558220,1.3.6.1.4.1.14519.5.2.1.3344.2526.213631063749443422817077514960.zip,LGG-1p19qDeletion,LGG-527,SEG,500166,https://www.cancerimagingarchive.net/wp-content/uploads/GC_manifest_LGG-1p19qDeletion_20260326_SEGonly.csv
drs://nci-crdc.datacommons.io/dg.4DFC/e6fbdcc5-0940-52d1-af7b-63c4865b7563,1.3.6.1.4.1.14519.5.2.1.3344.2526.214341695888958149149810541755.zip,LGG-1p19qDeletion,LGG-337,SEG,535726,https://www.cancerimagingarchive.net/wp-content/uploads/GC_manifest_LGG-1p19qDeletion_20260326_SEGonly.csv
drs://nci-crdc.datacommons.io/dg.4DFC/f92612e6-d53c-50ca-ba5a-7894c993ae2c,1.3.6.1.4.1.14519.5.2.1.3344.2526.214632776853592323748201437888.zip,LGG-1p19qDeletion,LGG-630,SEG,491420,https://www.cancerimagingarchive.net/wp-content/uploads/GC_manifest_LGG-1p19qDeletion_20260326_SEGonly.csv
drs://nci-crdc.datacommons.io/dg.4DFC/90743bbb-632b-5a92-947b-75c078a14c8d,1.3.6.1.4.1.14519.5.2.1.3344.2526.215365642873707600435181743684.zip,LGG-1p19qDeletion,LGG-278,SEG,491290,https://www.cancerimagingarchive.net/wp-content/uploads/GC_manifest_LGG-1p19qDeletion_20260326_SEGonly.csv
drs://nci-crdc.datacommons.io/dg.4DFC/85b82460-3bb4-589a-b5fb-fc2b5aead796,1.3.6.1.4.1.14519.5.2.1.3344.2526.217124843248339789065537981781.zip,LGG-1p19qDeletion,LGG-659,SEG,509148,https://www.cancerimagingarchive.net/wp-content/uploads/GC_manifest_LGG-1p19qDeletion_20260326_SEGonly.csv
drs://nci-crdc.datacommons.io/dg.4DFC/3a85b954-a34a-5ee2-ae3c-edf756d95af4,1.3.6.1.4.1.14519.5.2.1.3344.2526.219338186725780311107728865586.zip,LGG-1p19qDeletion,LGG-345,SEG,526926,https://www.cancerimagingarchive.net/wp-content/uploads/GC_manifest_LGG-1p19qDeletion_20260326_SEGonly.csv
drs://nci-crdc.datacommons.io/dg.4DFC/44db3c7b-e0ab-5d5c-bafe-52d370a5c668,1.3.6.1.4.1.14519.5.2.1.3344.2526.220748617472905443436518547268.zip,LGG-1p19qDeletion,LGG-320,SEG,184946,https://www.cancerimagingarchive.net/wp-content/uploads/GC_manifest_LGG-1p19qDeletion_20260326_SEGonly.csv
drs://nci-crdc.datacommons.io/dg.4DFC/4d5b329b-92b3-5743-bbf7-1ce801fb88c5,1.3.6.1.4.1.14519.5.2.1.3344.2526.223176765911485733518518326553.zip,LGG-1p19qDeletion,LGG-289,SEG,184950,https://www.cancerimagingarchive.net/wp-content/uploads/GC_manifest_LGG-1p19qDeletion_20260326_SEGonly.csv
drs://nci-crdc.datacommons.io/dg.4DFC/7d40eba0-d79e-5e48-a3a4-f95182e069e5,1.3.6.1.4.1.14519.5.2.1.3344.2526.223623017336288231402445672911.zip,LGG-1p19qDeletion,LGG-525,SEG,482418,https://www.cancerimagingarchive.net/wp-content/uploads/GC_manifest_LGG-1p19qDeletion_20260326_SEGonly.csv
drs://nci-crdc.datacommons.io/dg.4DFC/c92628f2-1985-577c-9673-b2484a9f1d8f,1.3.6.1.4.1.14519.5.2.1.3344.2526.229299021608317874444310107444.zip,LGG-1p19qDeletion,LGG-631,SEG,500168,https://www.cancerimagingarchive.net/wp-content/uploads/GC_manifest_LGG-1p19qDeletion_20260326_SEGonly.csv
drs://nci-crdc.datacommons.io/dg.4DFC/7e94de7b-ab5d-543d-a3fd-59599b67b955,1.3.6.1.4.1.14519.5.2.1.3344.2526.230123524890201918773925311609.zip,LGG-1p19qDeletion,LGG-288,SEG,184950,https://www.cancerimagingarchive.net/wp-content/uploads/GC_manifest_LGG-1p19qDeletion_20260326_SEGonly.csv
drs://nci-crdc.datacommons.io/dg.4DFC/891f6823-1f2a-55e4-9542-f5c943e9478f,1.3.6.1.4.1.14519.5.2.1.3344.2526.230779223793131832517045670285.zip,LGG-1p19qDeletion,LGG-354,SEG,464630,https://www.cancerimagingarchive.net/wp-content/uploads/GC_manifest_LGG-1p19qDeletion_20260326_SEGonly.csv
drs://nci-crdc.datacommons.io/dg.4DFC/9d36cdd2-2b31-56b6-a2fc-7be654937909,1.3.6.1.4.1.14519.5.2.1.3344.2526.235763788013889984596413481157.zip,LGG-1p19qDeletion,LGG-286,SEG,482386,https://www.cancerimagingarchive.net/wp-content/uploads/GC_manifest_LGG-1p19qDeletion_20260326_SEGonly.csv
drs://nci-crdc.datacommons.io/dg.4DFC/77416ba7-82c8-503e-9694-f9b023686f5a,1.3.6.1.4.1.14519.5.2.1.3344.2526.235829848464163258579307546540.zip,LGG-1p19qDeletion,LGG-610,SEG,500186,https://www.cancerimagingarchive.net/wp-content/uploads/GC_manifest_LGG-1p19qDeletion_20260326_SEGonly.csv
drs://nci-crdc.datacommons.io/dg.4DFC/a14bf69d-4b48-57ea-a4d7-93ed6984c8b7,1.3.6.1.4.1.14519.5.2.1.3344.2526.236055902697134264953311268360.zip,LGG-1p19qDeletion,LGG-326,SEG,1073310,https://www.cancerimagingarchive.net/wp-content/uploads/GC_manifest_LGG-1p19qDeletion_20260326_SEGonly.csv
drs://nci-crdc.datacommons.io/dg.4DFC/10933352-18e3-5220-8b92-b40bbda3e355,1.3.6.1.4.1.14519.5.2.1.3344.2526.236063863707921263249498347740.zip,LGG-1p19qDeletion,LGG-348,SEG,429084,https://www.cancerimagingarchive.net/wp-content/uploads/GC_manifest_LGG-1p19qDeletion_20260326_SEGonly.csv
drs://nci-crdc.datacommons.io/dg.4DFC/9568fdd4-c082-5384-81f1-94cea615b089,1.3.6.1.4.1.14519.5.2.1.3344.2526.238611601972466304228989276887.zip,LGG-1p19qDeletion,LGG-338,SEG,349094,https://www.cancerimagingarchive.net/wp-content/uploads/GC_manifest_LGG-1p19qDeletion_20260326_SEGonly.csv
drs://nci-crdc.datacommons.io/dg.4DFC/264289df-1454-5d1a-b8e9-28e25e7d1625,1.3.6.1.4.1.14519.5.2.1.3344.2526.242371593663745659533352776529.zip,LGG-1p19qDeletion,LGG-360,SEG,535724,https://www.cancerimagingarchive.net/wp-content/uploads/GC_manifest_LGG-1p19qDeletion_20260326_SEGonly.csv
drs://nci-crdc.datacommons.io/dg.4DFC/5b6fa818-270c-54dc-bd51-a2e834674abe,1.3.6.1.4.1.14519.5.2.1.3344.2526.242787624405482384486948382531.zip,LGG-1p19qDeletion,LGG-260,SEG,535706,https://www.cancerimagingarchive.net/wp-content/uploads/GC_manifest_LGG-1p19qDeletion_20260326_SEGonly.csv
drs://nci-crdc.datacommons.io/dg.4DFC/8fc27a3c-fd59-5133-b346-f09b4da99690,1.3.6.1.4.1.14519.5.2.1.3344.2526.242899396718125304176379724781.zip,LGG-1p19qDeletion,LGG-572,SEG,482382,https://www.cancerimagingarchive.net/wp-content/uploads/GC_manifest_LGG-1p19qDeletion_20260326_SEGonly.csv
drs://nci-crdc.datacommons.io/dg.4DFC/609d2560-bcf7-5d0c-8da7-9e9d08d094dc,1.3.6.1.4.1.14519.5.2.1.3344.2526.246403042370952193210001295775.zip,LGG-1p19qDeletion,LGG-547,SEG,491284,https://www.cancerimagingarchive.net/wp-content/uploads/GC_manifest_LGG-1p19qDeletion_20260326_SEGonly.csv
drs://nci-crdc.datacommons.io/dg.4DFC/5dfc80f2-e879-57af-80b0-fddcec52971d,1.3.6.1.4.1.14519.5.2.1.3344.2526.255177595512112682062437085763.zip,LGG-1p19qDeletion,LGG-396,SEG,535718,https://www.cancerimagingarchive.net/wp-content/uploads/GC_manifest_LGG-1p19qDeletion_20260326_SEGonly.csv
drs://nci-crdc.datacommons.io/dg.4DFC/0ad9ab89-4f71-505c-ab5b-68ae64f53c9a,1.3.6.1.4.1.14519.5.2.1.3344.2526.258254924986042477750364032831.zip,LGG-1p19qDeletion,LGG-298,SEG,482400,https://www.cancerimagingarchive.net/wp-content/uploads/GC_manifest_LGG-1p19qDeletion_20260326_SEGonly.csv
drs://nci-crdc.datacommons.io/dg.4DFC/ea53212a-64e8-588f-9f1c-7dba4e4244c5,1.3.6.1.4.1.14519.5.2.1.3344.2526.259054578917551855981995441304.zip,LGG-1p19qDeletion,LGG-612,SEG,482398,https://www.cancerimagingarchive.net/wp-content/uploads/GC_manifest_LGG-1p19qDeletion_20260326_SEGonly.csv
drs://nci-crdc.datacommons.io/dg.4DFC/d91d0a44-364d-5945-84f8-d8d52a3af2d7,1.3.6.1.4.1.14519.5.2.1.3344.2526.259514907000394447228791192069.zip,LGG-1p19qDeletion,LGG-246,SEG,535706,https://www.cancerimagingarchive.net/wp-content/uploads/GC_manifest_LGG-1p19qDeletion_20260326_SEGonly.csv
drs://nci-crdc.datacommons.io/dg.4DFC/b4d4bc94-ed36-5b8a-9ee0-7c7b7d4154e1,1.3.6.1.4.1.14519.5.2.1.3344.2526.263310658110230527143751483646.zip,LGG-1p19qDeletion,LGG-607,SEG,526914,https://www.cancerimagingarchive.net/wp-content/uploads/GC_manifest_LGG-1p19qDeletion_20260326_SEGonly.csv
drs://nci-crdc.datacommons.io/dg.4DFC/75fc0e1a-8921-5854-b31d-135bbcd24564,1.3.6.1.4.1.14519.5.2.1.3344.2526.263523066781354208916658701114.zip,LGG-1p19qDeletion,LGG-395,SEG,482444,https://www.cancerimagingarchive.net/wp-content/uploads/GC_manifest_LGG-1p19qDeletion_20260326_SEGonly.csv
drs://nci-crdc.datacommons.io/dg.4DFC/5c47e8ed-e3f7-5717-afe8-12efd9ae15fe,1.3.6.1.4.1.14519.5.2.1.3344.2526.264066485790632951945832728016.zip,LGG-1p19qDeletion,LGG-373,SEG,491304,https://www.cancerimagingarchive.net/wp-content/uploads/GC_manifest_LGG-1p19qDeletion_20260326_SEGonly.csv
drs://nci-crdc.datacommons.io/dg.4DFC/eed71165-8ae2-5f63-9d23-f508e5a4d123,1.3.6.1.4.1.14519.5.2.1.3344.2526.268762958083267335713319892110.zip,LGG-1p19qDeletion,LGG-229,SEG,184952,https://www.cancerimagingarchive.net/wp-content/uploads/GC_manifest_LGG-1p19qDeletion_20260326_SEGonly.csv
drs://nci-crdc.datacommons.io/dg.4DFC/26f2db1b-2333-5cf2-b4ff-2e318059365c,1.3.6.1.4.1.14519.5.2.1.3344.2526.273604161401387759379600667163.zip,LGG-1p19qDeletion,LGG-314,SEG,322412,https://www.cancerimagingarchive.net/wp-content/uploads/GC_manifest_LGG-1p19qDeletion_20260326_SEGonly.csv
drs://nci-crdc.datacommons.io/dg.4DFC/e95a5d0f-74a0-54bb-aa4c-47530dad8f8d,1.3.6.1.4.1.14519.5.2.1.3344.2526.275908489210159326010496017565.zip,LGG-1p19qDeletion,LGG-622,SEG,482476,https://www.cancerimagingarchive.net/wp-content/uploads/GC_manifest_LGG-1p19qDeletion_20260326_SEGonly.csv
drs://nci-crdc.datacommons.io/dg.4DFC/520b61fb-3601-5b22-9bd6-2f570a1cd3ba,1.3.6.1.4.1.14519.5.2.1.3344.2526.277651767064693127464231200953.zip,LGG-1p19qDeletion,LGG-351,SEG,482404,https://www.cancerimagingarchive.net/wp-content/uploads/GC_manifest_LGG-1p19qDeletion_20260326_SEGonly.csv
drs://nci-crdc.datacommons.io/dg.4DFC/cc4b7d90-33f7-5a9b-b5d0-08d59213282f,1.3.6.1.4.1.14519.5.2.1.3344.2526.278629868572047754677740245657.zip,LGG-1p19qDeletion,LGG-579,SEG,500250,https://www.cancerimagingarchive.net/wp-content/uploads/GC_manifest_LGG-1p19qDeletion_20260326_SEGonly.csv
drs://nci-crdc.datacommons.io/dg.4DFC/b8acac56-a4f7-5b42-aba8-f8b7c4e82e8e,1.3.6.1.4.1.14519.5.2.1.3344.2526.279310568076636050066524098901.zip,LGG-1p19qDeletion,LGG-589,SEG,482458,https://www.cancerimagingarchive.net/wp-content/uploads/GC_manifest_LGG-1p19qDeletion_20260326_SEGonly.csv
drs://nci-crdc.datacommons.io/dg.4DFC/dd183a98-7502-5aa6-85d4-4cc330c17346,1.3.6.1.4.1.14519.5.2.1.3344.2526.282096017761735908643765245335.zip,LGG-1p19qDeletion,LGG-642,SEG,464726,https://www.cancerimagingarchive.net/wp-content/uploads/GC_manifest_LGG-1p19qDeletion_20260326_SEGonly.csv
drs://nci-crdc.datacommons.io/dg.4DFC/e260ca23-e09c-51ff-9861-b0a7cd3c5106,1.3.6.1.4.1.14519.5.2.1.3344.2526.287275351921066369292547416000.zip,LGG-1p19qDeletion,LGG-380,SEG,446850,https://www.cancerimagingarchive.net/wp-content/uploads/GC_manifest_LGG-1p19qDeletion_20260326_SEGonly.csv
drs://nci-crdc.datacommons.io/dg.4DFC/efe208b8-7faf-5203-b01c-c3b142fb006d,1.3.6.1.4.1.14519.5.2.1.3344.2526.288448945822405352258160565584.zip,LGG-1p19qDeletion,LGG-533,SEG,482378,https://www.cancerimagingarchive.net/wp-content/uploads/GC_manifest_LGG-1p19qDeletion_20260326_SEGonly.csv
drs://nci-crdc.datacommons.io/dg.4DFC/d2750f80-eb43-5cd7-a0bc-9f9e96ed6096,1.3.6.1.4.1.14519.5.2.1.3344.2526.290193829789314718922723361272.zip,LGG-1p19qDeletion,LGG-500,SEG,535710,https://www.cancerimagingarchive.net/wp-content/uploads/GC_manifest_LGG-1p19qDeletion_20260326_SEGonly.csv
drs://nci-crdc.datacommons.io/dg.4DFC/fb40da36-b434-51f6-b195-b0a383fd827c,1.3.6.1.4.1.14519.5.2.1.3344.2526.294950599866531474797444636351.zip,LGG-1p19qDeletion,LGG-240,SEG,184950,https://www.cancerimagingarchive.net/wp-content/uploads/GC_manifest_LGG-1p19qDeletion_20260326_SEGonly.csv
drs://nci-crdc.datacommons.io/dg.4DFC/7a58e604-4cf7-5ad2-8629-f4d2018abad4,1.3.6.1.4.1.14519.5.2.1.3344.2526.297678228871307615884030612324.zip,LGG-1p19qDeletion,LGG-492,SEG,482440,https://www.cancerimagingarchive.net/wp-content/uploads/GC_manifest_LGG-1p19qDeletion_20260326_SEGonly.csv
drs://nci-crdc.datacommons.io/dg.4DFC/86466602-ea19-5068-856d-29f579a4daa8,1.3.6.1.4.1.14519.5.2.1.3344.2526.298984614036935404921612812398.zip,LGG-1p19qDeletion,LGG-651,SEG,535812,https://www.cancerimagingarchive.net/wp-content/uploads/GC_manifest_LGG-1p19qDeletion_20260326_SEGonly.csv
drs://nci-crdc.datacommons.io/dg.4DFC/69f3bdff-7513-51a1-8e96-4b4caea6702e,1.3.6.1.4.1.14519.5.2.1.3344.2526.300683671354954778689317598256.zip,LGG-1p19qDeletion,LGG-285,SEG,526826,https://www.cancerimagingarchive.net/wp-content/uploads/GC_manifest_LGG-1p19qDeletion_20260326_SEGonly.csv
drs://nci-crdc.datacommons.io/dg.4DFC/b145f1f2-b6f6-57a3-80e6-ac5335f19c5e,1.3.6.1.4.1.14519.5.2.1.3344.2526.304835640418160682029033776033.zip,LGG-1p19qDeletion,LGG-311,SEG,464620,https://www.cancerimagingarchive.net/wp-content/uploads/GC_manifest_LGG-1p19qDeletion_20260326_SEGonly.csv
drs://nci-crdc.datacommons.io/dg.4DFC/60356dd1-e79a-50f7-b95f-354540cb7c48,1.3.6.1.4.1.14519.5.2.1.3344.2526.305367523268492270696000290311.zip,LGG-1p19qDeletion,LGG-585,SEG,482450,https://www.cancerimagingarchive.net/wp-content/uploads/GC_manifest_LGG-1p19qDeletion_20260326_SEGonly.csv
drs://nci-crdc.datacommons.io/dg.4DFC/afc163f9-001c-5d94-b64e-9eecc6a2e599,1.3.6.1.4.1.14519.5.2.1.3344.2526.306593630009776641841902405368.zip,LGG-1p19qDeletion,LGG-334,SEG,322424,https://www.cancerimagingarchive.net/wp-content/uploads/GC_manifest_LGG-1p19qDeletion_20260326_SEGonly.csv
drs://nci-crdc.datacommons.io/dg.4DFC/18826fb8-db17-5d24-8c78-1f6a9fecb4db,1.3.6.1.4.1.14519.5.2.1.3344.2526.307209806106234616593968717611.zip,LGG-1p19qDeletion,LGG-566,SEG,517956,https://www.cancerimagingarchive.net/wp-content/uploads/GC_manifest_LGG-1p19qDeletion_20260326_SEGonly.csv
drs://nci-crdc.datacommons.io/dg.4DFC/5a257c0c-528d-58fb-bae8-821d3334047a,1.3.6.1.4.1.14519.5.2.1.3344.2526.307613187190767894113829296089.zip,LGG-1p19qDeletion,LGG-293,SEG,535712,https://www.cancerimagingarchive.net/wp-content/uploads/GC_manifest_LGG-1p19qDeletion_20260326_SEGonly.csv
drs://nci-crdc.datacommons.io/dg.4DFC/2c1dbe98-7a26-50fd-8158-0db088295425,1.3.6.1.4.1.14519.5.2.1.3344.2526.308688205853166076090088779463.zip,LGG-1p19qDeletion,LGG-269,SEG,184946,https://www.cancerimagingarchive.net/wp-content/uploads/GC_manifest_LGG-1p19qDeletion_20260326_SEGonly.csv
drs://nci-crdc.datacommons.io/dg.4DFC/13668987-15dc-5cce-aadd-9093281368cf,1.3.6.1.4.1.14519.5.2.1.3344.2526.309085958966731941660989602534.zip,LGG-1p19qDeletion,LGG-304,SEG,184946,https://www.cancerimagingarchive.net/wp-content/uploads/GC_manifest_LGG-1p19qDeletion_20260326_SEGonly.csv
drs://nci-crdc.datacommons.io/dg.4DFC/6f46628b-9763-5eb8-85be-6446015c929a,1.3.6.1.4.1.14519.5.2.1.3344.2526.310758987461625825815190986830.zip,LGG-1p19qDeletion,LGG-371,SEG,517928,https://www.cancerimagingarchive.net/wp-content/uploads/GC_manifest_LGG-1p19qDeletion_20260326_SEGonly.csv
drs://nci-crdc.datacommons.io/dg.4DFC/6684e7f8-6420-58e4-a584-e1b47d7847b8,1.3.6.1.4.1.14519.5.2.1.3344.2526.313084166100520876340794084184.zip,LGG-1p19qDeletion,LGG-616,SEG,500140,https://www.cancerimagingarchive.net/wp-content/uploads/GC_manifest_LGG-1p19qDeletion_20260326_SEGonly.csv
drs://nci-crdc.datacommons.io/dg.4DFC/2e77938c-11b4-582e-9a32-72ef1a68fd83,1.3.6.1.4.1.14519.5.2.1.3344.2526.316000191566720525870536555523.zip,LGG-1p19qDeletion,LGG-219,SEG,184946,https://www.cancerimagingarchive.net/wp-content/uploads/GC_manifest_LGG-1p19qDeletion_20260326_SEGonly.csv
drs://nci-crdc.datacommons.io/dg.4DFC/7006b81e-1efe-599d-a59f-77bb2b0c20a3,1.3.6.1.4.1.14519.5.2.1.3344.2526.318554721923922215136232178819.zip,LGG-1p19qDeletion,LGG-582,SEG,535710,https://www.cancerimagingarchive.net/wp-content/uploads/GC_manifest_LGG-1p19qDeletion_20260326_SEGonly.csv
drs://nci-crdc.datacommons.io/dg.4DFC/9ff8723c-54e3-5ebd-9c84-582ae7fcd227,1.3.6.1.4.1.14519.5.2.1.3344.2526.319163506528328320892251604246.zip,LGG-1p19qDeletion,LGG-225,SEG,482404,https://www.cancerimagingarchive.net/wp-content/uploads/GC_manifest_LGG-1p19qDeletion_20260326_SEGonly.csv
drs://nci-crdc.datacommons.io/dg.4DFC/ba0705df-6b65-5141-93e8-af0c86520b15,1.3.6.1.4.1.14519.5.2.1.3344.2526.319797540215116035022345560856.zip,LGG-1p19qDeletion,LGG-295,SEG,509194,https://www.cancerimagingarchive.net/wp-content/uploads/GC_manifest_LGG-1p19qDeletion_20260326_SEGonly.csv
drs://nci-crdc.datacommons.io/dg.4DFC/53d6c863-3d7b-56b5-a3ce-15213dbd80d0,1.3.6.1.4.1.14519.5.2.1.3344.2526.321262322016359179935074558733.zip,LGG-1p19qDeletion,LGG-626,SEG,535802,https://www.cancerimagingarchive.net/wp-content/uploads/GC_manifest_LGG-1p19qDeletion_20260326_SEGonly.csv
drs://nci-crdc.datacommons.io/dg.4DFC/98bed724-c18b-521f-ae65-37d0ded3a4b9,1.3.6.1.4.1.14519.5.2.1.3344.2526.322588837741464621920624948746.zip,LGG-1p19qDeletion,LGG-321,SEG,429076,https://www.cancerimagingarchive.net/wp-content/uploads/GC_manifest_LGG-1p19qDeletion_20260326_SEGonly.csv
drs://nci-crdc.datacommons.io/dg.4DFC/759c30a2-0d79-5f41-bd61-2811d1b47cb1,1.3.6.1.4.1.14519.5.2.1.3344.2526.325093301111969789428856372729.zip,LGG-1p19qDeletion,LGG-104,SEG,535794,https://www.cancerimagingarchive.net/wp-content/uploads/GC_manifest_LGG-1p19qDeletion_20260326_SEGonly.csv
drs://nci-crdc.datacommons.io/dg.4DFC/dbf83bc4-d33b-5551-95c5-e6ae701886d0,1.3.6.1.4.1.14519.5.2.1.3344.2526.325587406536683381904264172820.zip,LGG-1p19qDeletion,LGG-516,SEG,500170,https://www.cancerimagingarchive.net/wp-content/uploads/GC_manifest_LGG-1p19qDeletion_20260326_SEGonly.csv
drs://nci-crdc.datacommons.io/dg.4DFC/5b2130a7-b791-586c-b37b-1b2c80a4a8e2,1.3.6.1.4.1.14519.5.2.1.3344.2526.325924202057352309207242220652.zip,LGG-1p19qDeletion,LGG-391,SEG,482426,https://www.cancerimagingarchive.net/wp-content/uploads/GC_manifest_LGG-1p19qDeletion_20260326_SEGonly.csv
drs://nci-crdc.datacommons.io/dg.4DFC/b9493154-8d24-5bf0-8473-644fb9ff7eb8,1.3.6.1.4.1.14519.5.2.1.3344.2526.327065453019536528178804114239.zip,LGG-1p19qDeletion,LGG-261,SEG,446836,https://www.cancerimagingarchive.net/wp-content/uploads/GC_manifest_LGG-1p19qDeletion_20260326_SEGonly.csv
drs://nci-crdc.datacommons.io/dg.4DFC/c11046dd-ad9f-576a-a857-80be12071f87,1.3.6.1.4.1.14519.5.2.1.3344.2526.328481609681061743080461284928.zip,LGG-1p19qDeletion,LGG-359,SEG,491318,https://www.cancerimagingarchive.net/wp-content/uploads/GC_manifest_LGG-1p19qDeletion_20260326_SEGonly.csv
drs://nci-crdc.datacommons.io/dg.4DFC/73c356c9-5391-52e6-9a24-8722e065cfb7,1.3.6.1.4.1.14519.5.2.1.3344.2526.329499000361423724676546362035.zip,LGG-1p19qDeletion,LGG-352,SEG,482404,https://www.cancerimagingarchive.net/wp-content/uploads/GC_manifest_LGG-1p19qDeletion_20260326_SEGonly.csv
drs://nci-crdc.datacommons.io/dg.4DFC/87f53ff7-d7e9-5730-bd2b-0c5d4b0cb69b,1.3.6.1.4.1.14519.5.2.1.3344.2526.329953740638477018287404449275.zip,LGG-1p19qDeletion,LGG-614,SEG,500164,https://www.cancerimagingarchive.net/wp-content/uploads/GC_manifest_LGG-1p19qDeletion_20260326_SEGonly.csv
drs://nci-crdc.datacommons.io/dg.4DFC/cf377ca3-250b-592b-a300-85183781b122,1.3.6.1.4.1.14519.5.2.1.3344.2526.332060944011000525792428792183.zip,LGG-1p19qDeletion,LGG-520,SEG,517938,https://www.cancerimagingarchive.net/wp-content/uploads/GC_manifest_LGG-1p19qDeletion_20260326_SEGonly.csv
drs://nci-crdc.datacommons.io/dg.4DFC/920c12dd-10d7-5a47-ac09-a71ea92c2069,1.3.6.1.4.1.14519.5.2.1.3344.2526.334626103460814369037135417962.zip,LGG-1p19qDeletion,LGG-573,SEG,464600,https://www.cancerimagingarchive.net/wp-content/uploads/GC_manifest_LGG-1p19qDeletion_20260326_SEGonly.csv
drs://nci-crdc.datacommons.io/dg.4DFC/682bd625-b021-5c29-8e5b-34623e43f899,1.3.6.1.4.1.14519.5.2.1.3344.2526.334974616525124237194628364515.zip,LGG-1p19qDeletion,LGG-344,SEG,446884,https://www.cancerimagingarchive.net/wp-content/uploads/GC_manifest_LGG-1p19qDeletion_20260326_SEGonly.csv
drs://nci-crdc.datacommons.io/dg.4DFC/96dad7e7-4434-5226-bc95-a89817a9b5d8,1.3.6.1.4.1.14519.5.2.1.3344.2526.336136334372316666717650607866.zip,LGG-1p19qDeletion,LGG-597,SEG,526916,https://www.cancerimagingarchive.net/wp-content/uploads/GC_manifest_LGG-1p19qDeletion_20260326_SEGonly.csv
drs://nci-crdc.datacommons.io/dg.4DFC/7556ae4e-7e96-5cf6-bb43-599d314ad858,1.3.6.1.4.1.14519.5.2.1.3344.2526.363437464197230527691152079034.zip,LGG-1p19qDeletion,LGG-604,SEG,464692,https://www.cancerimagingarchive.net/wp-content/uploads/GC_manifest_LGG-1p19qDeletion_20260326_SEGonly.csv
drs://nci-crdc.datacommons.io/dg.4DFC/3891dbfd-0cfc-574b-82e7-7fda19ffc326,1.3.6.1.4.1.14519.5.2.1.3344.2526.375626883782201346688554943433.zip,LGG-1p19qDeletion,LGG-515,SEG,1274092,https://www.cancerimagingarchive.net/wp-content/uploads/GC_manifest_LGG-1p19qDeletion_20260326_SEGonly.csv
drs://nci-crdc.datacommons.io/dg.4DFC/9a81c35b-01a3-55f2-b9a8-5778c5751cb6,1.3.6.1.4.1.14519.5.2.1.3344.2526.378888666896621139518637229646.zip,LGG-1p19qDeletion,LGG-570,SEG,464626,https://www.cancerimagingarchive.net/wp-content/uploads/GC_manifest_LGG-1p19qDeletion_20260326_SEGonly.csv
drs://nci-crdc.datacommons.io/dg.4DFC/61b29791-87d5-5b03-88b4-d4318cd7230e,1.3.6.1.4.1.14519.5.2.1.3344.2526.451393261664236758900651694141.zip,LGG-1p19qDeletion,LGG-357,SEG,482398,https://www.cancerimagingarchive.net/wp-content/uploads/GC_manifest_LGG-1p19qDeletion_20260326_SEGonly.csv
drs://nci-crdc.datacommons.io/dg.4DFC/d0a5497c-7e1e-5866-8df9-21ac99ac1b58,1.3.6.1.4.1.14519.5.2.1.3344.2526.460425720324594989687836793378.zip,LGG-1p19qDeletion,LGG-234,SEG,535828,https://www.cancerimagingarchive.net/wp-content/uploads/GC_manifest_LGG-1p19qDeletion_20260326_SEGonly.csv
drs://nci-crdc.datacommons.io/dg.4DFC/4a36d203-6ad1-5376-a03f-3c0ca0e2cc4e,1.3.6.1.4.1.14519.5.2.1.3344.2526.471273256622890903169897612931.zip,LGG-1p19qDeletion,LGG-518,SEG,535822,https://www.cancerimagingarchive.net/wp-content/uploads/GC_manifest_LGG-1p19qDeletion_20260326_SEGonly.csv
drs://nci-crdc.datacommons.io/dg.4DFC/1db2b0e3-a3aa-5d97-9a60-31485897bc92,1.3.6.1.4.1.14519.5.2.1.3344.2526.498284092241460132267051425544.zip,LGG-1p19qDeletion,LGG-563,SEG,500150,https://www.cancerimagingarchive.net/wp-content/uploads/GC_manifest_LGG-1p19qDeletion_20260326_SEGonly.csv
drs://nci-crdc.datacommons.io/dg.4DFC/c48d1b99-78e0-5a1b-90d8-44337e3172d5,1.3.6.1.4.1.14519.5.2.1.3344.2526.509314218021039825861534888881.zip,LGG-1p19qDeletion,LGG-594,SEG,526938,https://www.cancerimagingarchive.net/wp-content/uploads/GC_manifest_LGG-1p19qDeletion_20260326_SEGonly.csv
drs://nci-crdc.datacommons.io/dg.4DFC/9f263b35-409b-5ca7-a7bb-7c2af7d6757f,1.3.6.1.4.1.14519.5.2.1.3344.2526.533243955352183882445647219191.zip,LGG-1p19qDeletion,LGG-282,SEG,535728,https://www.cancerimagingarchive.net/wp-content/uploads/GC_manifest_LGG-1p19qDeletion_20260326_SEGonly.csv
drs://nci-crdc.datacommons.io/dg.4DFC/9f55af72-f9f1-51df-b7aa-0d0ae1319be7,1.3.6.1.4.1.14519.5.2.1.3344.2526.541685274550311952500860530107.zip,LGG-1p19qDeletion,LGG-624,SEG,464696,https://www.cancerimagingarchive.net/wp-content/uploads/GC_manifest_LGG-1p19qDeletion_20260326_SEGonly.csv
drs://nci-crdc.datacommons.io/dg.4DFC/c2d08653-fcf5-557c-8197-c39970665639,1.3.6.1.4.1.14519.5.2.1.3344.2526.590560541318178203399638385350.zip,LGG-1p19qDeletion,LGG-218,SEG,517942,https://www.cancerimagingarchive.net/wp-content/uploads/GC_manifest_LGG-1p19qDeletion_20260326_SEGonly.csv
drs://nci-crdc.datacommons.io/dg.4DFC/e5af1521-93cd-5eb8-935b-3c787fc92770,1.3.6.1.4.1.14519.5.2.1.3344.2526.616883167295171588874342426736.zip,LGG-1p19qDeletion,LGG-274,SEG,500148,https://www.cancerimagingarchive.net/wp-content/uploads/GC_manifest_LGG-1p19qDeletion_20260326_SEGonly.csv
drs://nci-crdc.datacommons.io/dg.4DFC/d89341fe-484f-5bc4-9c91-fb04324ac793,1.3.6.1.4.1.14519.5.2.1.3344.2526.625750190353822782072040485203.zip,LGG-1p19qDeletion,LGG-308,SEG,184948,https://www.cancerimagingarchive.net/wp-content/uploads/GC_manifest_LGG-1p19qDeletion_20260326_SEGonly.csv
drs://nci-crdc.datacommons.io/dg.4DFC/5e8ae5ed-0a35-588c-87c1-5c9015f00d83,1.3.6.1.4.1.14519.5.2.1.3344.2526.650741851611881245598273044751.zip,LGG-1p19qDeletion,LGG-313,SEG,455742,https://www.cancerimagingarchive.net/wp-content/uploads/GC_manifest_LGG-1p19qDeletion_20260326_SEGonly.csv
drs://nci-crdc.datacommons.io/dg.4DFC/772d6560-d9a0-5c8d-92d9-645c47a28d34,1.3.6.1.4.1.14519.5.2.1.3344.2526.682581218411727360412106031089.zip,LGG-1p19qDeletion,LGG-223,SEG,322420,https://www.cancerimagingarchive.net/wp-content/uploads/GC_manifest_LGG-1p19qDeletion_20260326_SEGonly.csv
drs://nci-crdc.datacommons.io/dg.4DFC/14559875-8801-5680-9aa8-dc88163fb9ab,1.3.6.1.4.1.14519.5.2.1.3344.2526.692066999144879186034442401119.zip,LGG-1p19qDeletion,LGG-394,SEG,482382,https://www.cancerimagingarchive.net/wp-content/uploads/GC_manifest_LGG-1p19qDeletion_20260326_SEGonly.csv
drs://nci-crdc.datacommons.io/dg.4DFC/3f43fca8-b22b-55d3-92d7-5cb82f8ca3b1,1.3.6.1.4.1.14519.5.2.1.3344.2526.708958209838180780199943855952.zip,LGG-1p19qDeletion,LGG-210,SEG,184952,https://www.cancerimagingarchive.net/wp-content/uploads/GC_manifest_LGG-1p19qDeletion_20260326_SEGonly.csv
drs://nci-crdc.datacommons.io/dg.4DFC/ebeb7fc4-6d7f-525a-9631-a73774d5e9f5,1.3.6.1.4.1.14519.5.2.1.3344.2526.740239031086950538298763306503.zip,LGG-1p19qDeletion,LGG-346,SEG,535716,https://www.cancerimagingarchive.net/wp-content/uploads/GC_manifest_LGG-1p19qDeletion_20260326_SEGonly.csv
drs://nci-crdc.datacommons.io/dg.4DFC/7b27546c-7dbb-5a6a-b009-cce8ab9a227f,1.3.6.1.4.1.14519.5.2.1.3344.2526.747352298337701732793570312388.zip,LGG-1p19qDeletion,LGG-310,SEG,269110,https://www.cancerimagingarchive.net/wp-content/uploads/GC_manifest_LGG-1p19qDeletion_20260326_SEGonly.csv
drs://nci-crdc.datacommons.io/dg.4DFC/cc262395-f5c8-59cf-aacf-cfee95225857,1.3.6.1.4.1.14519.5.2.1.3344.2526.751855230320049589560890195675.zip,LGG-1p19qDeletion,LGG-343,SEG,464644,https://www.cancerimagingarchive.net/wp-content/uploads/GC_manifest_LGG-1p19qDeletion_20260326_SEGonly.csv
drs://nci-crdc.datacommons.io/dg.4DFC/48ccd73f-fff4-51ed-90a6-fb32dea67125,1.3.6.1.4.1.14519.5.2.1.3344.2526.759866716330555907821255031895.zip,LGG-1p19qDeletion,LGG-249,SEG,535698,https://www.cancerimagingarchive.net/wp-content/uploads/GC_manifest_LGG-1p19qDeletion_20260326_SEGonly.csv
drs://nci-crdc.datacommons.io/dg.4DFC/d9b0f848-50d0-59fc-9b35-d348ceb7e46b,1.3.6.1.4.1.14519.5.2.1.3344.2526.775386008188927847336967160277.zip,LGG-1p19qDeletion,LGG-565,SEG,482400,https://www.cancerimagingarchive.net/wp-content/uploads/GC_manifest_LGG-1p19qDeletion_20260326_SEGonly.csv
drs://nci-crdc.datacommons.io/dg.4DFC/696172cd-c966-50d0-82b7-2a4072fd0894,1.3.6.1.4.1.14519.5.2.1.3344.2526.781966814029715811687385602425.zip,LGG-1p19qDeletion,LGG-591,SEG,464700,https://www.cancerimagingarchive.net/wp-content/uploads/GC_manifest_LGG-1p19qDeletion_20260326_SEGonly.csv
drs://nci-crdc.datacommons.io/dg.4DFC/b8a629f9-73f4-52b0-b17e-262a6e6affd2,1.3.6.1.4.1.14519.5.2.1.3344.2526.855146139276007249011145918280.zip,LGG-1p19qDeletion,LGG-648,SEG,500254,https://www.cancerimagingarchive.net/wp-content/uploads/GC_manifest_LGG-1p19qDeletion_20260326_SEGonly.csv
drs://nci-crdc.datacommons.io/dg.4DFC/4093ba13-66c6-56ae-8f15-f699d7eb6ec0,1.3.6.1.4.1.14519.5.2.1.3344.2526.875659643161377840814300268262.zip,LGG-1p19qDeletion,LGG-350,SEG,464626,https://www.cancerimagingarchive.net/wp-content/uploads/GC_manifest_LGG-1p19qDeletion_20260326_SEGonly.csv
drs://nci-crdc.datacommons.io/dg.4DFC/71b82dff-d5bc-50d7-a097-b487c1b80c23,1.3.6.1.4.1.14519.5.2.1.3344.2526.910710310635776873505721756105.zip,LGG-1p19qDeletion,LGG-387,SEG,1207164,https://www.cancerimagingarchive.net/wp-content/uploads/GC_manifest_LGG-1p19qDeletion_20260326_SEGonly.csv
drs://nci-crdc.datacommons.io/dg.4DFC/88158467-1c65-5906-80d6-693e762b7ee1,1.3.6.1.4.1.14519.5.2.1.3344.2526.911864499533528467827151924572.zip,LGG-1p19qDeletion,LGG-231,SEG,535720,https://www.cancerimagingarchive.net/wp-content/uploads/GC_manifest_LGG-1p19qDeletion_20260326_SEGonly.csv
drs://nci-crdc.datacommons.io/dg.4DFC/d43b5b92-703c-5776-9e7d-7c5adb348b50,1.3.6.1.4.1.14519.5.2.1.3344.2526.936485576561180804384841988974.zip,LGG-1p19qDeletion,LGG-341,SEG,491292,https://www.cancerimagingarchive.net/wp-content/uploads/GC_manifest_LGG-1p19qDeletion_20260326_SEGonly.csv
drs://nci-crdc.datacommons.io/dg.4DFC/b84baf39-1bfa-5a39-b697-f9e2878bf0be,1.3.6.1.4.1.14519.5.2.1.3344.2526.939285071270723552936601049591.zip,LGG-1p19qDeletion,LGG-365,SEG,446832,https://www.cancerimagingarchive.net/wp-content/uploads/GC_manifest_LGG-1p19qDeletion_20260326_SEGonly.csv
drs://nci-crdc.datacommons.io/dg.4DFC/7631191a-8f36-5993-b8e0-64ae28134551,1.3.6.1.4.1.14519.5.2.1.3344.2526.979023994511458157368485220496.zip,LGG-1p19qDeletion,LGG-383,SEG,535696,https://www.cancerimagingarchive.net/wp-content/uploads/GC_manifest_LGG-1p19qDeletion_20260326_SEGonly.csv
drs://nci-crdc.datacommons.io/dg.4DFC/cea691a7-4750-5c21-9cb2-1347b71f8617,1.3.6.1.4.1.14519.5.2.1.3344.2526.988496401712454369904439827747.zip,LGG-1p19qDeletion,LGG-647,SEG,518074,https://www.cancerimagingarchive.net/wp-content/uploads/GC_manifest_LGG-1p19qDeletion_20260326_SEGonly.csv
drs://nci-crdc.datacommons.io/dg.4DFC/fc37639e-00f0-5e88-b2be-d167ec3a66a1,1.3.6.1.4.1.14519.5.2.1.3344.2526.992315840908096325276428239355.zip,LGG-1p19qDeletion,LGG-634,SEG,464620,https://www.cancerimagingarchive.net/wp-content/uploads/GC_manifest_LGG-1p19qDeletion_20260326_SEGonly.csv
drs://nci-crdc.datacommons.io/dg.4DFC/1ee7d210-5dd0-5b0e-a58d-aa54058f2bfc,1.3.6.1.4.1.14519.5.2.1.3344.2526.992586235564308578845992785752.zip,LGG-1p19qDeletion,LGG-558,SEG,429050,https://www.cancerimagingarchive.net/wp-content/uploads/GC_manifest_LGG-1p19qDeletion_20260326_SEGonly.csv
drs://nci-crdc.datacommons.io/dg.4DFC/2eecd0eb-b9b4-5067-b91c-14e06375bd97,1.3.6.1.4.1.14519.5.2.1.3344.2526.998306279692608781018567243297.zip,LGG-1p19qDeletion,LGG-297,SEG,184950,https://www.cancerimagingarchive.net/wp-content/uploads/GC_manifest_LGG-1p19qDeletion_20260326_SEGonly.csv
